set,k,QQ,x_b,t,phi_x,F,sigmaF,Mean F Prediction,Std Dev Prediction,ReH_pred,ReH_std,ReE_pred,ReE_std,ReHt_pred,ReHt_std,dvcs_pred,dvcs_std
100,5.75,1.64,0.214,-0.34,7.5,0.0,0.0,3.0210943,0.31008393,-1.370895,2.9726295,1.0171014,7.624942,-7.580305,14.137402,0.0029474648,0.03714069
100,5.75,1.64,0.214,-0.34,27.62,0.0,0.0,0.99098015,0.07613249,-1.370895,2.9726295,1.0171014,7.624942,-7.580305,14.137402,0.0029474648,0.03714069
100,5.75,1.64,0.214,-0.34,37.97,0.6097,0.04957,0.6012458,0.034495845,-1.370895,2.9726295,1.0171014,7.624942,-7.580305,14.137402,0.0029474648,0.03714069
100,5.75,1.64,0.214,-0.34,51.74,0.3476,0.0315,0.35168388,0.012634405,-1.370895,2.9726295,1.0171014,7.624942,-7.580305,14.137402,0.0029474648,0.03714069
100,5.75,1.64,0.214,-0.34,66.87,0.2082,0.02604,0.22229132,0.008019078,-1.370895,2.9726295,1.0171014,7.624942,-7.580305,14.137402,0.0029474648,0.03714069
100,5.75,1.64,0.214,-0.34,81.97,0.1666,0.02617,0.15570275,0.007979287,-1.370895,2.9726295,1.0171014,7.624942,-7.580305,14.137402,0.0029474648,0.03714069
100,5.75,1.64,0.214,-0.34,97.06,0.1208,0.01839,0.11798927,0.007713498,-1.370895,2.9726295,1.0171014,7.624942,-7.580305,14.137402,0.0029474648,0.03714069
100,5.75,1.64,0.214,-0.34,112.15,0.093,0.01337,0.09523035,0.0074364226,-1.370895,2.9726295,1.0171014,7.624942,-7.580305,14.137402,0.0029474648,0.03714069
100,5.75,1.64,0.214,-0.34,127.23,0.0673,0.01514,0.08102039,0.0074388115,-1.370895,2.9726295,1.0171014,7.624942,-7.580305,14.137402,0.0029474648,0.03714069
100,5.75,1.64,0.214,-0.34,142.31,0.0576,0.02086,0.07213887,0.0076746894,-1.370895,2.9726295,1.0171014,7.624942,-7.580305,14.137402,0.0029474648,0.03714069
100,5.75,1.64,0.214,-0.34,157.38,0.0816,0.03457,0.06691661,0.007961212,-1.370895,2.9726295,1.0171014,7.624942,-7.580305,14.137402,0.0029474648,0.03714069
100,5.75,1.64,0.214,-0.34,172.46,0.0767,0.05237,0.06448715,0.008143677,-1.370895,2.9726295,1.0171014,7.624942,-7.580305,14.137402,0.0029474648,0.03714069
100,5.75,1.64,0.214,-0.34,187.54,0.0,0.0,0.06448715,0.008143677,-1.370895,2.9726295,1.0171014,7.624942,-7.580305,14.137402,0.0029474648,0.03714069
100,5.75,1.64,0.214,-0.34,202.62,0.0632,0.02076,0.06691661,0.007961212,-1.370895,2.9726295,1.0171014,7.624942,-7.580305,14.137402,0.0029474648,0.03714069
100,5.75,1.64,0.214,-0.34,217.69,0.0894,0.0267,0.07213887,0.007674689,-1.370895,2.9726295,1.0171014,7.624942,-7.580305,14.137402,0.0029474648,0.03714069
100,5.75,1.64,0.214,-0.34,232.77,0.0623,0.01949,0.08102039,0.0074388115,-1.370895,2.9726295,1.0171014,7.624942,-7.580305,14.137402,0.0029474648,0.03714069
100,5.75,1.64,0.214,-0.34,247.85,0.078,0.0154,0.09523035,0.007436422,-1.370895,2.9726295,1.0171014,7.624942,-7.580305,14.137402,0.0029474648,0.03714069
100,5.75,1.64,0.214,-0.34,262.94,0.1055,0.01704,0.117989205,0.0077134953,-1.370895,2.9726295,1.0171014,7.624942,-7.580305,14.137402,0.0029474648,0.03714069
100,5.75,1.64,0.214,-0.34,278.03,0.1572,0.01809,0.15570275,0.007979287,-1.370895,2.9726295,1.0171014,7.624942,-7.580305,14.137402,0.0029474648,0.03714069
100,5.75,1.64,0.214,-0.34,293.13,0.2614,0.03947,0.22229132,0.008019085,-1.370895,2.9726295,1.0171014,7.624942,-7.580305,14.137402,0.0029474648,0.03714069
100,5.75,1.64,0.214,-0.34,308.26,0.361,0.04113,0.35168403,0.012634415,-1.370895,2.9726295,1.0171014,7.624942,-7.580305,14.137402,0.0029474648,0.03714069
100,5.75,1.64,0.214,-0.34,322.03,0.5869,0.05134,0.6012458,0.034495845,-1.370895,2.9726295,1.0171014,7.624942,-7.580305,14.137402,0.0029474648,0.03714069
100,5.75,1.64,0.214,-0.34,332.38,0.0,0.0,0.99098015,0.07613249,-1.370895,2.9726295,1.0171014,7.624942,-7.580305,14.137402,0.0029474648,0.03714069
100,5.75,1.64,0.214,-0.34,352.5,0.0,0.0,3.021095,0.3100838,-1.370895,2.9726295,1.0171014,7.624942,-7.580305,14.137402,0.0029474648,0.03714069
101,5.75,1.64,0.214,-0.45,7.5,0.0,0.0,6.4726777,0.9508986,5.926663,4.6956697,12.598729,7.586958,-13.012728,11.224494,0.029653654,0.038258296
101,5.75,1.64,0.214,-0.45,29.04,0.0,0.0,0.7387064,0.07229708,5.926663,4.6956697,12.598729,7.586958,-13.012728,11.224494,0.029653654,0.038258296
101,5.75,1.64,0.214,-0.45,38.02,0.397,0.03261,0.42018822,0.027899338,5.926663,4.6956697,12.598729,7.586958,-13.012728,11.224494,0.029653654,0.038258296
101,5.75,1.64,0.214,-0.45,51.66,0.2142,0.02176,0.215008,0.0072107734,5.926663,4.6956697,12.598729,7.586958,-13.012728,11.224494,0.029653654,0.038258296
101,5.75,1.64,0.214,-0.45,66.82,0.1572,0.01791,0.12310965,0.00793734,5.926663,4.6956697,12.598729,7.586958,-13.012728,11.224494,0.029653654,0.038258296
101,5.75,1.64,0.214,-0.45,81.94,0.083,0.01262,0.08227266,0.0075832414,5.926663,4.6956697,12.598729,7.586958,-13.012728,11.224494,0.029653654,0.038258296
101,5.75,1.64,0.214,-0.45,97.04,0.0554,0.00948,0.062140893,0.0063353367,5.926663,4.6956697,12.598729,7.586958,-13.012728,11.224494,0.029653654,0.038258296
101,5.75,1.64,0.214,-0.45,112.13,0.0449,0.00972,0.05147747,0.005796645,5.926663,4.6956697,12.598729,7.586958,-13.012728,11.224494,0.029653654,0.038258296
101,5.75,1.64,0.214,-0.45,127.22,0.0468,0.01404,0.04553936,0.0062540844,5.926663,4.6956697,12.598729,7.586958,-13.012728,11.224494,0.029653654,0.038258296
101,5.75,1.64,0.214,-0.45,142.3,0.0,0.0,0.042162064,0.007113542,5.926663,4.6956697,12.598729,7.586958,-13.012728,11.224494,0.029653654,0.038258296
101,5.75,1.64,0.214,-0.45,157.38,0.0,0.0,0.0403054,0.007864605,5.926663,4.6956697,12.598729,7.586958,-13.012728,11.224494,0.029653654,0.038258296
101,5.75,1.64,0.214,-0.45,172.45,0.0,0.0,0.03947698,0.008278779,5.926663,4.6956697,12.598729,7.586958,-13.012728,11.224494,0.029653654,0.038258296
101,5.75,1.64,0.214,-0.45,187.55,0.0,0.0,0.03947698,0.008278779,5.926663,4.6956697,12.598729,7.586958,-13.012728,11.224494,0.029653654,0.038258296
101,5.75,1.64,0.214,-0.45,202.62,0.0,0.0,0.040305406,0.007864603,5.926663,4.6956697,12.598729,7.586958,-13.012728,11.224494,0.029653654,0.038258296
101,5.75,1.64,0.214,-0.45,217.7,0.0232,0.01656,0.042162064,0.0071135387,5.926663,4.6956697,12.598729,7.586958,-13.012728,11.224494,0.029653654,0.038258296
101,5.75,1.64,0.214,-0.45,232.78,0.0566,0.02787,0.04553936,0.0062540844,5.926663,4.6956697,12.598729,7.586958,-13.012728,11.224494,0.029653654,0.038258296
101,5.75,1.64,0.214,-0.45,247.87,0.0407,0.00944,0.051477477,0.0057966434,5.926663,4.6956697,12.598729,7.586958,-13.012728,11.224494,0.029653654,0.038258296
101,5.75,1.64,0.214,-0.45,262.96,0.0501,0.01521,0.062140875,0.0063353325,5.926663,4.6956697,12.598729,7.586958,-13.012728,11.224494,0.029653654,0.038258296
101,5.75,1.64,0.214,-0.45,278.06,0.0883,0.01057,0.08227266,0.0075832414,5.926663,4.6956697,12.598729,7.586958,-13.012728,11.224494,0.029653654,0.038258296
101,5.75,1.64,0.214,-0.45,293.18,0.1116,0.01591,0.12310965,0.007937358,5.926663,4.6956697,12.598729,7.586958,-13.012728,11.224494,0.029653654,0.038258296
101,5.75,1.64,0.214,-0.45,308.34,0.2386,0.02988,0.21500777,0.0072107636,5.926663,4.6956697,12.598729,7.586958,-13.012728,11.224494,0.029653654,0.038258296
101,5.75,1.64,0.214,-0.45,321.98,0.4454,0.04047,0.42018822,0.027899338,5.926663,4.6956697,12.598729,7.586958,-13.012728,11.224494,0.029653654,0.038258296
101,5.75,1.64,0.214,-0.45,330.96,0.0,0.0,0.7387052,0.07229689,5.926663,4.6956697,12.598729,7.586958,-13.012728,11.224494,0.029653654,0.038258296
101,5.75,1.64,0.214,-0.45,352.5,0.0,0.0,6.4725995,0.9508872,5.926663,4.6956697,12.598729,7.586958,-13.012728,11.224494,0.029653654,0.038258296
102,5.75,1.88,0.215,-0.11,7.84,0.0,0.0,3.959904,0.28763366,2.6169815,3.9316556,-2.9204838,6.661369,17.549011,9.996914,0.13676204,0.046732437
102,5.75,1.88,0.215,-0.11,23.16,3.3378,0.46855,3.361856,0.23125103,2.6169815,3.9316556,-2.9204838,6.661369,17.549011,9.996914,0.13676204,0.046732437
102,5.75,1.88,0.215,-0.11,37.96,2.7154,0.34126,2.5895405,0.15949668,2.6169815,3.9316556,-2.9204838,6.661369,17.549011,9.996914,0.13676204,0.046732437
102,5.75,1.88,0.215,-0.11,52.73,1.5653,0.17014,1.9064436,0.09808584,2.6169815,3.9316556,-2.9204838,6.661369,17.549011,9.996914,0.13676204,0.046732437
102,5.75,1.88,0.215,-0.11,67.28,1.1438,0.11984,1.3970951,0.055752207,2.6169815,3.9316556,-2.9204838,6.661369,17.549011,9.996914,0.13676204,0.046732437
102,5.75,1.88,0.215,-0.11,82.17,0.8924,0.1073,1.0275853,0.03196591,2.6169815,3.9316556,-2.9204838,6.661369,17.549011,9.996914,0.13676204,0.046732437
102,5.75,1.88,0.215,-0.11,97.2,0.8012,0.11265,0.77115923,0.027172813,2.6169815,3.9316556,-2.9204838,6.661369,17.549011,9.996914,0.13676204,0.046732437
102,5.75,1.88,0.215,-0.11,112.25,0.7615,0.15481,0.59689,0.031645976,2.6169815,3.9316556,-2.9204838,6.661369,17.549011,9.996914,0.13676204,0.046732437
102,5.75,1.88,0.215,-0.11,127.3,0.4652,0.08758,0.48009637,0.0365444,2.6169815,3.9316556,-2.9204838,6.661369,17.549011,9.996914,0.13676204,0.046732437
102,5.75,1.88,0.215,-0.11,142.35,0.4891,0.07513,0.40413076,0.03997603,2.6169815,3.9316556,-2.9204838,6.661369,17.549011,9.996914,0.13676204,0.046732437
102,5.75,1.88,0.215,-0.11,157.41,0.3936,0.06194,0.35846803,0.04201232,2.6169815,3.9316556,-2.9204838,6.661369,17.549011,9.996914,0.13676204,0.046732437
102,5.75,1.88,0.215,-0.11,172.47,0.3645,0.07864,0.33704293,0.042942833,2.6169815,3.9316556,-2.9204838,6.661369,17.549011,9.996914,0.13676204,0.046732437
102,5.75,1.88,0.215,-0.11,187.53,0.0,0.0,0.33704293,0.042942837,2.6169815,3.9316556,-2.9204838,6.661369,17.549011,9.996914,0.13676204,0.046732437
102,5.75,1.88,0.215,-0.11,202.59,0.4806,0.05398,0.35846797,0.04201232,2.6169815,3.9316556,-2.9204838,6.661369,17.549011,9.996914,0.13676204,0.046732437
102,5.75,1.88,0.215,-0.11,217.65,0.506,0.06344,0.40413067,0.03997604,2.6169815,3.9316556,-2.9204838,6.661369,17.549011,9.996914,0.13676204,0.046732437
102,5.75,1.88,0.215,-0.11,232.7,0.5188,0.06293,0.48009604,0.0365444,2.6169815,3.9316556,-2.9204838,6.661369,17.549011,9.996914,0.13676204,0.046732437
102,5.75,1.88,0.215,-0.11,247.75,0.5895,0.06204,0.59688985,0.031645957,2.6169815,3.9316556,-2.9204838,6.661369,17.549011,9.996914,0.13676204,0.046732437
102,5.75,1.88,0.215,-0.11,262.8,0.821,0.08097,0.77115923,0.02717282,2.6169815,3.9316556,-2.9204838,6.661369,17.549011,9.996914,0.13676204,0.046732437
102,5.75,1.88,0.215,-0.11,277.83,0.9854,0.13066,1.027585,0.031965893,2.6169815,3.9316556,-2.9204838,6.661369,17.549011,9.996914,0.13676204,0.046732437
102,5.75,1.88,0.215,-0.11,292.72,1.2637,0.1329,1.3970947,0.05575219,2.6169815,3.9316556,-2.9204838,6.661369,17.549011,9.996914,0.13676204,0.046732437
102,5.75,1.88,0.215,-0.11,307.27,1.7853,0.17701,1.9064435,0.098085806,2.6169815,3.9316556,-2.9204838,6.661369,17.549011,9.996914,0.13676204,0.046732437
102,5.75,1.88,0.215,-0.11,322.04,2.6943,0.30496,2.58954,0.15949664,2.6169815,3.9316556,-2.9204838,6.661369,17.549011,9.996914,0.13676204,0.046732437
102,5.75,1.88,0.215,-0.11,336.84,3.6628,0.42446,3.3618557,0.23125097,2.6169815,3.9316556,-2.9204838,6.661369,17.549011,9.996914,0.13676204,0.046732437
102,5.75,1.88,0.215,-0.11,352.16,0.0,0.0,3.959904,0.28763366,2.6169815,3.9316556,-2.9204838,6.661369,17.549011,9.996914,0.13676204,0.046732437
103,5.75,1.88,0.215,-0.15,8.28,0.0,0.0,4.2708626,0.41609132,4.24248,3.208134,2.059565,5.050734,4.9127417,15.173863,0.1054601,0.07497108
103,5.75,1.88,0.215,-0.15,24.86,0.0,0.0,3.1322608,0.282966,4.24248,3.208134,2.059565,5.050734,4.9127417,15.173863,0.1054601,0.07497108
103,5.75,1.88,0.215,-0.15,38.98,2.3386,0.37443,2.1558516,0.17071453,4.24248,3.208134,2.059565,5.050734,4.9127417,15.173863,0.1054601,0.07497108
103,5.75,1.88,0.215,-0.15,52.95,1.4945,0.16626,1.4731281,0.09493033,4.24248,3.208134,2.059565,5.050734,4.9127417,15.173863,0.1054601,0.07497108
103,5.75,1.88,0.215,-0.15,67.13,0.994,0.09953,1.0248504,0.048678003,4.24248,3.208134,2.059565,5.050734,4.9127417,15.173863,0.1054601,0.07497108
103,5.75,1.88,0.215,-0.15,82.11,0.696,0.07662,0.7265928,0.023498546,4.24248,3.208134,2.059565,5.050734,4.9127417,15.173863,0.1054601,0.07497108
103,5.75,1.88,0.215,-0.15,97.16,0.4648,0.0469,0.53824633,0.016993403,4.24248,3.208134,2.059565,5.050734,4.9127417,15.173863,0.1054601,0.07497108
103,5.75,1.88,0.215,-0.15,112.22,0.438,0.05494,0.41810954,0.019367846,4.24248,3.208134,2.059565,5.050734,4.9127417,15.173863,0.1054601,0.07497108
103,5.75,1.88,0.215,-0.15,127.28,0.3178,0.05858,0.3410999,0.022033155,4.24248,3.208134,2.059565,5.050734,4.9127417,15.173863,0.1054601,0.07497108
103,5.75,1.88,0.215,-0.15,142.34,0.2737,0.05035,0.2925525,0.0236016,4.24248,3.208134,2.059565,5.050734,4.9127417,15.173863,0.1054601,0.07497108
103,5.75,1.88,0.215,-0.15,157.4,0.2863,0.03714,0.26398787,0.024361225,4.24248,3.208134,2.059565,5.050734,4.9127417,15.173863,0.1054601,0.07497108
103,5.75,1.88,0.215,-0.15,172.47,0.2677,0.03819,0.25073472,0.024652652,4.24248,3.208134,2.059565,5.050734,4.9127417,15.173863,0.1054601,0.07497108
103,5.75,1.88,0.215,-0.15,187.53,0.2752,0.03919,0.25073472,0.02465266,4.24248,3.208134,2.059565,5.050734,4.9127417,15.173863,0.1054601,0.07497108
103,5.75,1.88,0.215,-0.15,202.6,0.246,0.03749,0.26398787,0.024361234,4.24248,3.208134,2.059565,5.050734,4.9127417,15.173863,0.1054601,0.07497108
103,5.75,1.88,0.215,-0.15,217.66,0.3135,0.04524,0.29255247,0.023601606,4.24248,3.208134,2.059565,5.050734,4.9127417,15.173863,0.1054601,0.07497108
103,5.75,1.88,0.215,-0.15,232.72,0.4341,0.07253,0.3410999,0.022033155,4.24248,3.208134,2.059565,5.050734,4.9127417,15.173863,0.1054601,0.07497108
103,5.75,1.88,0.215,-0.15,247.78,0.4061,0.05046,0.41810954,0.019367851,4.24248,3.208134,2.059565,5.050734,4.9127417,15.173863,0.1054601,0.07497108
103,5.75,1.88,0.215,-0.15,262.84,0.494,0.05159,0.5382461,0.0169934,4.24248,3.208134,2.059565,5.050734,4.9127417,15.173863,0.1054601,0.07497108
103,5.75,1.88,0.215,-0.15,277.89,0.6686,0.06548,0.72659284,0.023498563,4.24248,3.208134,2.059565,5.050734,4.9127417,15.173863,0.1054601,0.07497108
103,5.75,1.88,0.215,-0.15,292.87,0.998,0.09878,1.0248495,0.04867794,4.24248,3.208134,2.059565,5.050734,4.9127417,15.173863,0.1054601,0.07497108
103,5.75,1.88,0.215,-0.15,307.05,1.6037,0.18729,1.4731281,0.09493023,4.24248,3.208134,2.059565,5.050734,4.9127417,15.173863,0.1054601,0.07497108
103,5.75,1.88,0.215,-0.15,321.02,1.948,0.24015,2.1558516,0.17071444,4.24248,3.208134,2.059565,5.050734,4.9127417,15.173863,0.1054601,0.07497108
103,5.75,1.88,0.215,-0.15,335.14,0.0,0.0,3.1322608,0.282966,4.24248,3.208134,2.059565,5.050734,4.9127417,15.173863,0.1054601,0.07497108
103,5.75,1.88,0.215,-0.15,351.72,0.0,0.0,4.2708626,0.41609132,4.24248,3.208134,2.059565,5.050734,4.9127417,15.173863,0.1054601,0.07497108
104,5.75,1.88,0.215,-0.2,7.5,0.0,0.0,4.898001,0.5379819,3.6081047,3.712378,3.0601745,3.5262957,1.7425704,8.831506,0.08422013,0.063980654
104,5.75,1.88,0.215,-0.2,28.48,0.0,0.0,2.4868922,0.24232647,3.6081047,3.712378,3.0601745,3.5262957,1.7425704,8.831506,0.08422013,0.063980654
104,5.75,1.88,0.215,-0.2,40.38,0.0,0.0,1.6006917,0.13607423,3.6081047,3.712378,3.0601745,3.5262957,1.7425704,8.831506,0.08422013,0.063980654
104,5.75,1.88,0.215,-0.2,53.14,1.1752,0.11849,1.042118,0.07182601,3.6081047,3.712378,3.0601745,3.5262957,1.7425704,8.831506,0.08422013,0.063980654
104,5.75,1.88,0.215,-0.2,66.99,0.6188,0.08535,0.6952827,0.03541285,3.6081047,3.712378,3.0601745,3.5262957,1.7425704,8.831506,0.08422013,0.063980654
104,5.75,1.88,0.215,-0.2,82.06,0.4684,0.06535,0.479575,0.017605633,3.6081047,3.712378,3.0601745,3.5262957,1.7425704,8.831506,0.08422013,0.063980654
104,5.75,1.88,0.215,-0.2,97.14,0.3384,0.0481,0.35325146,0.012792925,3.6081047,3.712378,3.0601745,3.5262957,1.7425704,8.831506,0.08422013,0.063980654
104,5.75,1.88,0.215,-0.2,112.2,0.2777,0.03479,0.27656424,0.012807577,3.6081047,3.712378,3.0601745,3.5262957,1.7425704,8.831506,0.08422013,0.063980654
104,5.75,1.88,0.215,-0.2,127.27,0.2371,0.04285,0.22896667,0.013248616,3.6081047,3.712378,3.0601745,3.5262957,1.7425704,8.831506,0.08422013,0.063980654
104,5.75,1.88,0.215,-0.2,142.33,0.1954,0.02979,0.19966328,0.013397233,3.6081047,3.712378,3.0601745,3.5262957,1.7425704,8.831506,0.08422013,0.063980654
104,5.75,1.88,0.215,-0.2,157.4,0.1745,0.02879,0.18267298,0.013374692,3.6081047,3.712378,3.0601745,3.5262957,1.7425704,8.831506,0.08422013,0.063980654
104,5.75,1.88,0.215,-0.2,172.47,0.1999,0.03784,0.17486551,0.013328299,3.6081047,3.712378,3.0601745,3.5262957,1.7425704,8.831506,0.08422013,0.063980654
104,5.75,1.88,0.215,-0.2,187.53,0.1874,0.04032,0.1748655,0.013328303,3.6081047,3.712378,3.0601745,3.5262957,1.7425704,8.831506,0.08422013,0.063980654
104,5.75,1.88,0.215,-0.2,202.6,0.1398,0.02388,0.18267298,0.013374692,3.6081047,3.712378,3.0601745,3.5262957,1.7425704,8.831506,0.08422013,0.063980654
104,5.75,1.88,0.215,-0.2,217.67,0.1782,0.03037,0.19966324,0.013397225,3.6081047,3.712378,3.0601745,3.5262957,1.7425704,8.831506,0.08422013,0.063980654
104,5.75,1.88,0.215,-0.2,232.73,0.2625,0.04771,0.22896658,0.013248604,3.6081047,3.712378,3.0601745,3.5262957,1.7425704,8.831506,0.08422013,0.063980654
104,5.75,1.88,0.215,-0.2,247.8,0.2659,0.04259,0.27656424,0.0128075825,3.6081047,3.712378,3.0601745,3.5262957,1.7425704,8.831506,0.08422013,0.063980654
104,5.75,1.88,0.215,-0.2,262.86,0.388,0.05552,0.35325143,0.012792925,3.6081047,3.712378,3.0601745,3.5262957,1.7425704,8.831506,0.08422013,0.063980654
104,5.75,1.88,0.215,-0.2,277.94,0.5381,0.05714,0.479575,0.017605633,3.6081047,3.712378,3.0601745,3.5262957,1.7425704,8.831506,0.08422013,0.063980654
104,5.75,1.88,0.215,-0.2,293.01,0.6778,0.0832,0.6952827,0.03541283,3.6081047,3.712378,3.0601745,3.5262957,1.7425704,8.831506,0.08422013,0.063980654
104,5.75,1.88,0.215,-0.2,306.86,0.9436,0.09684,1.042118,0.071825966,3.6081047,3.712378,3.0601745,3.5262957,1.7425704,8.831506,0.08422013,0.063980654
104,5.75,1.88,0.215,-0.2,319.62,0.0,0.0,1.6006895,0.136074,3.6081047,3.712378,3.0601745,3.5262957,1.7425704,8.831506,0.08422013,0.063980654
104,5.75,1.88,0.215,-0.2,331.52,0.0,0.0,2.486892,0.24232633,3.6081047,3.712378,3.0601745,3.5262957,1.7425704,8.831506,0.08422013,0.063980654
104,5.75,1.88,0.215,-0.2,352.5,0.0,0.0,4.898001,0.53798187,3.6081047,3.712378,3.0601745,3.5262957,1.7425704,8.831506,0.08422013,0.063980654
105,5.75,1.88,0.215,-0.26,7.5,0.0,0.0,7.0068626,0.7029,7.2939696,4.189567,5.9550595,4.2411075,3.289618,7.586323,0.11381444,0.0506626
105,5.75,1.88,0.215,-0.26,22.5,0.0,0.0,3.0923612,0.28435665,7.2939696,4.189567,5.9550595,4.2411075,3.289618,7.586323,0.11381444,0.0506626
105,5.75,1.88,0.215,-0.26,41.86,0.0,0.0,1.1656662,0.082339,7.2939696,4.189567,5.9550595,4.2411075,3.289618,7.586323,0.11381444,0.0506626
105,5.75,1.88,0.215,-0.26,53.05,0.7443,0.06266,0.7445425,0.04092945,7.2939696,4.189567,5.9550595,4.2411075,3.289618,7.586323,0.11381444,0.0506626
105,5.75,1.88,0.215,-0.26,66.93,0.4401,0.05458,0.46891618,0.017110372,7.2939696,4.189567,5.9550595,4.2411075,3.289618,7.586323,0.11381444,0.0506626
105,5.75,1.88,0.215,-0.26,82.03,0.3138,0.03312,0.3126941,0.00882974,7.2939696,4.189567,5.9550595,4.2411075,3.289618,7.586323,0.11381444,0.0506626
105,5.75,1.88,0.215,-0.26,97.12,0.2632,0.02895,0.22770518,0.008482182,7.2939696,4.189567,5.9550595,4.2411075,3.289618,7.586323,0.11381444,0.0506626
105,5.75,1.88,0.215,-0.26,112.19,0.1565,0.02009,0.17910597,0.008879963,7.2939696,4.189567,5.9550595,4.2411075,3.289618,7.586323,0.11381444,0.0506626
105,5.75,1.88,0.215,-0.26,127.26,0.1554,0.03001,0.15048692,0.008873048,7.2939696,4.189567,5.9550595,4.2411075,3.289618,7.586323,0.11381444,0.0506626
105,5.75,1.88,0.215,-0.26,142.33,0.1348,0.03148,0.1336196,0.008697953,7.2939696,4.189567,5.9550595,4.2411075,3.289618,7.586323,0.11381444,0.0506626
105,5.75,1.88,0.215,-0.26,157.4,0.0947,0.01884,0.124179736,0.008542597,7.2939696,4.189567,5.9550595,4.2411075,3.289618,7.586323,0.11381444,0.0506626
105,5.75,1.88,0.215,-0.26,172.47,0.1333,0.04065,0.119937286,0.008464146,7.2939696,4.189567,5.9550595,4.2411075,3.289618,7.586323,0.11381444,0.0506626
105,5.75,1.88,0.215,-0.26,187.53,0.1023,0.03373,0.119937286,0.008464146,7.2939696,4.189567,5.9550595,4.2411075,3.289618,7.586323,0.11381444,0.0506626
105,5.75,1.88,0.215,-0.26,202.6,0.1361,0.02087,0.12417973,0.008542598,7.2939696,4.189567,5.9550595,4.2411075,3.289618,7.586323,0.11381444,0.0506626
105,5.75,1.88,0.215,-0.26,217.67,0.134,0.03694,0.13361959,0.008697949,7.2939696,4.189567,5.9550595,4.2411075,3.289618,7.586323,0.11381444,0.0506626
105,5.75,1.88,0.215,-0.26,232.74,0.1496,0.03915,0.15048692,0.008873048,7.2939696,4.189567,5.9550595,4.2411075,3.289618,7.586323,0.11381444,0.0506626
105,5.75,1.88,0.215,-0.26,247.81,0.1865,0.02838,0.17910595,0.008879965,7.2939696,4.189567,5.9550595,4.2411075,3.289618,7.586323,0.11381444,0.0506626
105,5.75,1.88,0.215,-0.26,262.88,0.2104,0.02794,0.22770515,0.008482187,7.2939696,4.189567,5.9550595,4.2411075,3.289618,7.586323,0.11381444,0.0506626
105,5.75,1.88,0.215,-0.26,277.97,0.3472,0.04697,0.3126941,0.00882974,7.2939696,4.189567,5.9550595,4.2411075,3.289618,7.586323,0.11381444,0.0506626
105,5.75,1.88,0.215,-0.26,293.07,0.4599,0.05584,0.46891582,0.017110385,7.2939696,4.189567,5.9550595,4.2411075,3.289618,7.586323,0.11381444,0.0506626
105,5.75,1.88,0.215,-0.26,306.95,0.7515,0.06399,0.7445425,0.04092945,7.2939696,4.189567,5.9550595,4.2411075,3.289618,7.586323,0.11381444,0.0506626
105,5.75,1.88,0.215,-0.26,318.14,0.0,0.0,1.165668,0.08233909,7.2939696,4.189567,5.9550595,4.2411075,3.289618,7.586323,0.11381444,0.0506626
105,5.75,1.88,0.215,-0.26,337.5,0.0,0.0,3.0923505,0.28435573,7.2939696,4.189567,5.9550595,4.2411075,3.289618,7.586323,0.11381444,0.0506626
105,5.75,1.88,0.215,-0.26,352.5,0.0,0.0,7.0068626,0.7028998,7.2939696,4.189567,5.9550595,4.2411075,3.289618,7.586323,0.11381444,0.0506626
106,5.75,1.88,0.215,-0.34,7.5,0.0,0.0,11.402982,1.7285489,7.3220654,7.249992,9.769301,6.8470736,-5.892932,7.310042,0.062822014,0.057731144
106,5.75,1.88,0.215,-0.34,22.5,0.0,0.0,2.3930979,0.32166338,7.3220654,7.249992,9.769301,6.8470736,-5.892932,7.310042,0.062822014,0.057731144
106,5.75,1.88,0.215,-0.34,42.37,0.0,0.0,0.695194,0.063235804,7.3220654,7.249992,9.769301,6.8470736,-5.892932,7.310042,0.062822014,0.057731144
106,5.75,1.88,0.215,-0.34,52.72,0.4224,0.03608,0.44061065,0.028295876,7.3220654,7.249992,9.769301,6.8470736,-5.892932,7.310042,0.062822014,0.057731144
106,5.75,1.88,0.215,-0.34,66.9,0.2735,0.04178,0.26709807,0.0094001815,7.3220654,7.249992,9.769301,6.8470736,-5.892932,7.310042,0.062822014,0.057731144
106,5.75,1.88,0.215,-0.34,82.01,0.19,0.02977,0.1768006,0.006544143,7.3220654,7.249992,9.769301,6.8470736,-5.892932,7.310042,0.062822014,0.057731144
106,5.75,1.88,0.215,-0.34,97.1,0.1485,0.0221,0.12953906,0.006821888,7.3220654,7.249992,9.769301,6.8470736,-5.892932,7.310042,0.062822014,0.057731144
106,5.75,1.88,0.215,-0.34,112.18,0.1113,0.0184,0.10320977,0.006437911,7.3220654,7.249992,9.769301,6.8470736,-5.892932,7.310042,0.062822014,0.057731144
106,5.75,1.88,0.215,-0.34,127.25,0.0847,0.01761,0.08801277,0.0060562436,7.3220654,7.249992,9.769301,6.8470736,-5.892932,7.310042,0.062822014,0.057731144
106,5.75,1.88,0.215,-0.34,142.32,0.0642,0.01354,0.079175495,0.0060536424,7.3220654,7.249992,9.769301,6.8470736,-5.892932,7.310042,0.062822014,0.057731144
106,5.75,1.88,0.215,-0.34,157.4,0.0811,0.01652,0.074269995,0.0062934975,7.3220654,7.249992,9.769301,6.8470736,-5.892932,7.310042,0.062822014,0.057731144
106,5.75,1.88,0.215,-0.34,172.46,0.0739,0.0173,0.0720786,0.0064958776,7.3220654,7.249992,9.769301,6.8470736,-5.892932,7.310042,0.062822014,0.057731144
106,5.75,1.88,0.215,-0.34,187.54,0.054,0.01163,0.0720786,0.0064958776,7.3220654,7.249992,9.769301,6.8470736,-5.892932,7.310042,0.062822014,0.057731144
106,5.75,1.88,0.215,-0.34,202.6,0.0572,0.0156,0.074269995,0.0062934975,7.3220654,7.249992,9.769301,6.8470736,-5.892932,7.310042,0.062822014,0.057731144
106,5.75,1.88,0.215,-0.34,217.68,0.0659,0.01226,0.079175495,0.0060536424,7.3220654,7.249992,9.769301,6.8470736,-5.892932,7.310042,0.062822014,0.057731144
106,5.75,1.88,0.215,-0.34,232.75,0.0634,0.01383,0.08801277,0.0060562436,7.3220654,7.249992,9.769301,6.8470736,-5.892932,7.310042,0.062822014,0.057731144
106,5.75,1.88,0.215,-0.34,247.82,0.0911,0.01517,0.10320976,0.006437899,7.3220654,7.249992,9.769301,6.8470736,-5.892932,7.310042,0.062822014,0.057731144
106,5.75,1.88,0.215,-0.34,262.9,0.1362,0.02048,0.129539,0.0068218783,7.3220654,7.249992,9.769301,6.8470736,-5.892932,7.310042,0.062822014,0.057731144
106,5.75,1.88,0.215,-0.34,277.99,0.192,0.02032,0.1768004,0.006544134,7.3220654,7.249992,9.769301,6.8470736,-5.892932,7.310042,0.062822014,0.057731144
106,5.75,1.88,0.215,-0.34,293.1,0.303,0.05001,0.26709792,0.009400201,7.3220654,7.249992,9.769301,6.8470736,-5.892932,7.310042,0.062822014,0.057731144
106,5.75,1.88,0.215,-0.34,307.28,0.4515,0.04848,0.4406106,0.028295832,7.3220654,7.249992,9.769301,6.8470736,-5.892932,7.310042,0.062822014,0.057731144
106,5.75,1.88,0.215,-0.34,317.63,0.0,0.0,0.69519395,0.06323577,7.3220654,7.249992,9.769301,6.8470736,-5.892932,7.310042,0.062822014,0.057731144
106,5.75,1.88,0.215,-0.34,337.5,0.0,0.0,2.3930979,0.32166323,7.3220654,7.249992,9.769301,6.8470736,-5.892932,7.310042,0.062822014,0.057731144
106,5.75,1.88,0.215,-0.34,352.5,0.0,0.0,11.402982,1.7285483,7.3220654,7.249992,9.769301,6.8470736,-5.892932,7.310042,0.062822014,0.057731144
107,5.75,1.88,0.215,-0.45,7.5,0.0,0.0,10.599464,3.3012419,-3.2752934,13.372819,6.077902,15.943345,-5.0349627,7.6773553,0.008212053,0.086848825
107,5.75,1.88,0.215,-0.45,22.5,0.0,0.0,1.2208725,0.29765356,-3.2752934,13.372819,6.077902,15.943345,-5.0349627,7.6773553,0.008212053,0.086848825
107,5.75,1.88,0.215,-0.45,42.22,0.0,0.0,0.3545813,0.034863655,-3.2752934,13.372819,6.077902,15.943345,-5.0349627,7.6773553,0.008212053,0.086848825
107,5.75,1.88,0.215,-0.45,51.98,0.2599,0.03049,0.238145,0.0074802125,-3.2752934,13.372819,6.077902,15.943345,-5.0349627,7.6773553,0.008212053,0.086848825
107,5.75,1.88,0.215,-0.45,66.87,0.1669,0.01945,0.14968656,0.009606959,-3.2752934,13.372819,6.077902,15.943345,-5.0349627,7.6773553,0.008212053,0.086848825
107,5.75,1.88,0.215,-0.45,81.99,0.1014,0.02491,0.10537441,0.010707398,-3.2752934,13.372819,6.077902,15.943345,-5.0349627,7.6773553,0.008212053,0.086848825
107,5.75,1.88,0.215,-0.45,97.08,0.0874,0.01118,0.080892704,0.0077202716,-3.2752934,13.372819,6.077902,15.943345,-5.0349627,7.6773553,0.008212053,0.086848825
107,5.75,1.88,0.215,-0.45,112.17,0.0575,0.01212,0.066278964,0.004659532,-3.2752934,13.372819,6.077902,15.943345,-5.0349627,7.6773553,0.008212053,0.086848825
107,5.75,1.88,0.215,-0.45,127.24,0.0325,0.00707,0.05720823,0.0048341295,-3.2752934,13.372819,6.077902,15.943345,-5.0349627,7.6773553,0.008212053,0.086848825
107,5.75,1.88,0.215,-0.45,142.32,0.0395,0.00825,0.05155001,0.0071235164,-3.2752934,13.372819,6.077902,15.943345,-5.0349627,7.6773553,0.008212053,0.086848825
107,5.75,1.88,0.215,-0.45,157.4,0.047,0.01117,0.048226718,0.009101351,-3.2752934,13.372819,6.077902,15.943345,-5.0349627,7.6773553,0.008212053,0.086848825
107,5.75,1.88,0.215,-0.45,172.46,0.0384,0.0116,0.046685077,0.0101553155,-3.2752934,13.372819,6.077902,15.943345,-5.0349627,7.6773553,0.008212053,0.086848825
107,5.75,1.88,0.215,-0.45,187.54,0.0354,0.00818,0.046685077,0.0101553155,-3.2752934,13.372819,6.077902,15.943345,-5.0349627,7.6773553,0.008212053,0.086848825
107,5.75,1.88,0.215,-0.45,202.6,0.054,0.01729,0.048226703,0.009101366,-3.2752934,13.372819,6.077902,15.943345,-5.0349627,7.6773553,0.008212053,0.086848825
107,5.75,1.88,0.215,-0.45,217.68,0.0415,0.01215,0.05155001,0.007123514,-3.2752934,13.372819,6.077902,15.943345,-5.0349627,7.6773553,0.008212053,0.086848825
107,5.75,1.88,0.215,-0.45,232.76,0.0455,0.01068,0.05720823,0.004834135,-3.2752934,13.372819,6.077902,15.943345,-5.0349627,7.6773553,0.008212053,0.086848825
107,5.75,1.88,0.215,-0.45,247.83,0.0633,0.02188,0.066278964,0.004659534,-3.2752934,13.372819,6.077902,15.943345,-5.0349627,7.6773553,0.008212053,0.086848825
107,5.75,1.88,0.215,-0.45,262.92,0.0747,0.01154,0.080892704,0.0077202604,-3.2752934,13.372819,6.077902,15.943345,-5.0349627,7.6773553,0.008212053,0.086848825
107,5.75,1.88,0.215,-0.45,278.01,0.1021,0.01231,0.10537441,0.010707398,-3.2752934,13.372819,6.077902,15.943345,-5.0349627,7.6773553,0.008212053,0.086848825
107,5.75,1.88,0.215,-0.45,293.13,0.1669,0.0203,0.14968657,0.009606985,-3.2752934,13.372819,6.077902,15.943345,-5.0349627,7.6773553,0.008212053,0.086848825
107,5.75,1.88,0.215,-0.45,308.02,0.2629,0.02933,0.23814458,0.007480151,-3.2752934,13.372819,6.077902,15.943345,-5.0349627,7.6773553,0.008212053,0.086848825
107,5.75,1.88,0.215,-0.45,317.78,0.3525,0.05744,0.35458133,0.03486353,-3.2752934,13.372819,6.077902,15.943345,-5.0349627,7.6773553,0.008212053,0.086848825
107,5.75,1.88,0.215,-0.45,337.5,0.0,0.0,1.2208674,0.29765242,-3.2752934,13.372819,6.077902,15.943345,-5.0349627,7.6773553,0.008212053,0.086848825
107,5.75,1.88,0.215,-0.45,352.5,0.0,0.0,10.599464,3.3012414,-3.2752934,13.372819,6.077902,15.943345,-5.0349627,7.6773553,0.008212053,0.086848825
108,5.75,1.79,0.244,-0.11,7.44,0.9228,0.10119,0.87773675,0.03693432,-2.2743242,3.252009,-2.391589,10.166752,1.1820612,11.110611,-0.003627546,0.038780008
108,5.75,1.79,0.244,-0.11,22.34,0.7688,0.07743,0.8109982,0.03203734,-2.2743242,3.252009,-2.391589,10.166752,1.1820612,11.110611,-0.003627546,0.038780008
108,5.75,1.79,0.244,-0.11,37.27,0.6802,0.0659,0.702037,0.025015203,-2.2743242,3.252009,-2.391589,10.166752,1.1820612,11.110611,-0.003627546,0.038780008
108,5.75,1.79,0.244,-0.11,52.23,0.5245,0.058,0.5815223,0.019723944,-2.2743242,3.252009,-2.391589,10.166752,1.1820612,11.110611,-0.003627546,0.038780008
108,5.75,1.79,0.244,-0.11,67.21,0.4598,0.06364,0.4706905,0.01859339,-2.2743242,3.252009,-2.391589,10.166752,1.1820612,11.110611,-0.003627546,0.038780008
108,5.75,1.79,0.244,-0.11,82.21,0.4173,0.07362,0.3785952,0.020485515,-2.2743242,3.252009,-2.391589,10.166752,1.1820612,11.110611,-0.003627546,0.038780008
108,5.75,1.79,0.244,-0.11,97.22,0.404,0.0609,0.30653322,0.023099137,-2.2743242,3.252009,-2.391589,10.166752,1.1820612,11.110611,-0.003627546,0.038780008
108,5.75,1.79,0.244,-0.11,112.25,0.2445,0.04433,0.25229967,0.025356015,-2.2743242,3.252009,-2.391589,10.166752,1.1820612,11.110611,-0.003627546,0.038780008
108,5.75,1.79,0.244,-0.11,127.28,0.2346,0.06425,0.21297304,0.027019808,-2.2743242,3.252009,-2.391589,10.166752,1.1820612,11.110611,-0.003627546,0.038780008
108,5.75,1.79,0.244,-0.11,142.33,0.1501,0.0802,0.185803,0.028141197,-2.2743242,3.252009,-2.391589,10.166752,1.1820612,11.110611,-0.003627546,0.038780008
108,5.75,1.79,0.244,-0.11,157.39,0.1332,0.10751,0.16878231,0.02882029,-2.2743242,3.252009,-2.391589,10.166752,1.1820612,11.110611,-0.003627546,0.038780008
108,5.75,1.79,0.244,-0.11,172.46,0.0,0.0,0.16059038,0.029138664,-2.2743242,3.252009,-2.391589,10.166752,1.1820612,11.110611,-0.003627546,0.038780008
108,5.75,1.79,0.244,-0.11,187.54,0.0,0.0,0.16059038,0.029138664,-2.2743242,3.252009,-2.391589,10.166752,1.1820612,11.110611,-0.003627546,0.038780008
108,5.75,1.79,0.244,-0.11,202.61,0.0,0.0,0.16878231,0.02882029,-2.2743242,3.252009,-2.391589,10.166752,1.1820612,11.110611,-0.003627546,0.038780008
108,5.75,1.79,0.244,-0.11,217.67,0.0,0.0,0.185803,0.028141197,-2.2743242,3.252009,-2.391589,10.166752,1.1820612,11.110611,-0.003627546,0.038780008
108,5.75,1.79,0.244,-0.11,232.72,0.0,0.0,0.21297304,0.027019808,-2.2743242,3.252009,-2.391589,10.166752,1.1820612,11.110611,-0.003627546,0.038780008
108,5.75,1.79,0.244,-0.11,247.75,0.2823,0.10713,0.25229967,0.025356017,-2.2743242,3.252009,-2.391589,10.166752,1.1820612,11.110611,-0.003627546,0.038780008
108,5.75,1.79,0.244,-0.11,262.78,0.2947,0.0632,0.30653322,0.02309914,-2.2743242,3.252009,-2.391589,10.166752,1.1820612,11.110611,-0.003627546,0.038780008
108,5.75,1.79,0.244,-0.11,277.79,0.4555,0.05856,0.3785951,0.020485519,-2.2743242,3.252009,-2.391589,10.166752,1.1820612,11.110611,-0.003627546,0.038780008
108,5.75,1.79,0.244,-0.11,292.79,0.3275,0.06155,0.4706905,0.018593388,-2.2743242,3.252009,-2.391589,10.166752,1.1820612,11.110611,-0.003627546,0.038780008
108,5.75,1.79,0.244,-0.11,307.77,0.5403,0.11269,0.5815222,0.01972394,-2.2743242,3.252009,-2.391589,10.166752,1.1820612,11.110611,-0.003627546,0.038780008
108,5.75,1.79,0.244,-0.11,322.73,0.7645,0.08346,0.702037,0.025015203,-2.2743242,3.252009,-2.391589,10.166752,1.1820612,11.110611,-0.003627546,0.038780008
108,5.75,1.79,0.244,-0.11,337.66,0.7752,0.10792,0.8109978,0.03203732,-2.2743242,3.252009,-2.391589,10.166752,1.1820612,11.110611,-0.003627546,0.038780008
108,5.75,1.79,0.244,-0.11,352.56,0.9391,0.09977,0.87773675,0.036934316,-2.2743242,3.252009,-2.391589,10.166752,1.1820612,11.110611,-0.003627546,0.038780008
109,5.75,1.79,0.244,-0.15,7.42,1.0445,0.08947,1.0235014,0.03807795,-0.078436926,0.6260469,-0.07209886,0.6148441,-0.043950815,0.6734046,0.018681522,0.012465984
109,5.75,1.79,0.244,-0.15,22.25,0.8147,0.08027,0.89959836,0.031716436,-0.078436926,0.6260469,-0.07209886,0.6148441,-0.043950815,0.6734046,0.018681522,0.012465984
109,5.75,1.79,0.244,-0.15,37.15,0.7672,0.06873,0.71953946,0.023087058,-0.078436926,0.6260469,-0.07209886,0.6148441,-0.043950815,0.6734046,0.018681522,0.012465984
109,5.75,1.79,0.244,-0.15,52.12,0.528,0.05776,0.5477192,0.01623392,-0.078436926,0.6260469,-0.07209886,0.6148441,-0.043950815,0.6734046,0.018681522,0.012465984
109,5.75,1.79,0.244,-0.15,67.12,0.3724,0.05318,0.4113507,0.012865924,-0.078436926,0.6260469,-0.07209886,0.6148441,-0.043950815,0.6734046,0.018681522,0.012465984
109,5.75,1.79,0.244,-0.15,82.14,0.2828,0.05686,0.3117621,0.012236928,-0.078436926,0.6260469,-0.07209886,0.6148441,-0.043950815,0.6734046,0.018681522,0.012465984
109,5.75,1.79,0.244,-0.15,97.17,0.2293,0.04302,0.24169274,0.012676761,-0.078436926,0.6260469,-0.07209886,0.6148441,-0.043950815,0.6734046,0.018681522,0.012465984
109,5.75,1.79,0.244,-0.15,112.21,0.1818,0.02786,0.19327599,0.013241196,-0.078436926,0.6260469,-0.07209886,0.6148441,-0.043950815,0.6734046,0.018681522,0.012465984
109,5.75,1.79,0.244,-0.15,127.27,0.2182,0.0575,0.16036767,0.01366519,-0.078436926,0.6260469,-0.07209886,0.6148441,-0.043950815,0.6734046,0.018681522,0.012465984
109,5.75,1.79,0.244,-0.15,142.32,0.1612,0.04132,0.13877176,0.0139312055,-0.078436926,0.6260469,-0.07209886,0.6148441,-0.043950815,0.6734046,0.018681522,0.012465984
109,5.75,1.79,0.244,-0.15,157.39,0.1086,0.03168,0.12568955,0.014078486,-0.078436926,0.6260469,-0.07209886,0.6148441,-0.043950815,0.6734046,0.018681522,0.012465984
109,5.75,1.79,0.244,-0.15,172.46,0.1541,0.05801,0.11952401,0.01414257,-0.078436926,0.6260469,-0.07209886,0.6148441,-0.043950815,0.6734046,0.018681522,0.012465984
109,5.75,1.79,0.244,-0.15,187.54,0.1199,0.06956,0.119524,0.014142571,-0.078436926,0.6260469,-0.07209886,0.6148441,-0.043950815,0.6734046,0.018681522,0.012465984
109,5.75,1.79,0.244,-0.15,202.61,0.1411,0.05374,0.12568954,0.014078487,-0.078436926,0.6260469,-0.07209886,0.6148441,-0.043950815,0.6734046,0.018681522,0.012465984
109,5.75,1.79,0.244,-0.15,217.68,0.1512,0.0304,0.13877176,0.0139312055,-0.078436926,0.6260469,-0.07209886,0.6148441,-0.043950815,0.6734046,0.018681522,0.012465984
109,5.75,1.79,0.244,-0.15,232.73,0.1274,0.03103,0.16036756,0.013665191,-0.078436926,0.6260469,-0.07209886,0.6148441,-0.043950815,0.6734046,0.018681522,0.012465984
109,5.75,1.79,0.244,-0.15,247.79,0.1943,0.05107,0.19327599,0.013241197,-0.078436926,0.6260469,-0.07209886,0.6148441,-0.043950815,0.6734046,0.018681522,0.012465984
109,5.75,1.79,0.244,-0.15,262.83,0.2291,0.03189,0.24169274,0.012676764,-0.078436926,0.6260469,-0.07209886,0.6148441,-0.043950815,0.6734046,0.018681522,0.012465984
109,5.75,1.79,0.244,-0.15,277.86,0.3598,0.05589,0.31176206,0.012236928,-0.078436926,0.6260469,-0.07209886,0.6148441,-0.043950815,0.6734046,0.018681522,0.012465984
109,5.75,1.79,0.244,-0.15,292.88,0.3639,0.04849,0.4113507,0.012865926,-0.078436926,0.6260469,-0.07209886,0.6148441,-0.043950815,0.6734046,0.018681522,0.012465984
109,5.75,1.79,0.244,-0.15,307.88,0.5853,0.05744,0.5477192,0.01623392,-0.078436926,0.6260469,-0.07209886,0.6148441,-0.043950815,0.6734046,0.018681522,0.012465984
109,5.75,1.79,0.244,-0.15,322.85,0.725,0.06367,0.71953946,0.023087058,-0.078436926,0.6260469,-0.07209886,0.6148441,-0.043950815,0.6734046,0.018681522,0.012465984
109,5.75,1.79,0.244,-0.15,337.75,0.8891,0.07586,0.89959836,0.03171643,-0.078436926,0.6260469,-0.07209886,0.6148441,-0.043950815,0.6734046,0.018681522,0.012465984
109,5.75,1.79,0.244,-0.15,352.58,1.0467,0.10711,1.0235014,0.03807795,-0.078436926,0.6260469,-0.07209886,0.6148441,-0.043950815,0.6734046,0.018681522,0.012465984
110,5.75,1.79,0.244,-0.2,7.52,0.9157,0.09333,0.9773999,0.041910604,-0.8775692,0.6412575,-0.8646836,0.5978873,-1.038919,0.69701725,0.008848436,0.0103546735
110,5.75,1.79,0.244,-0.2,22.29,0.8046,0.08798,0.802318,0.03210571,-0.8775692,0.6412575,-0.8646836,0.5978873,-1.038919,0.69701725,0.008848436,0.0103546735
110,5.75,1.79,0.244,-0.2,37.03,0.6066,0.05967,0.58780193,0.020824948,-0.8775692,0.6412575,-0.8646836,0.5978873,-1.038919,0.69701725,0.008848436,0.0103546735
110,5.75,1.79,0.244,-0.2,52.02,0.4434,0.05161,0.41358566,0.01316427,-0.8775692,0.6412575,-0.8646836,0.5978873,-1.038919,0.69701725,0.008848436,0.0103546735
110,5.75,1.79,0.244,-0.2,67.04,0.3548,0.04976,0.29399836,0.009940491,-0.8775692,0.6412575,-0.8646836,0.5978873,-1.038919,0.69701725,0.008848436,0.0103546735
110,5.75,1.79,0.244,-0.2,82.09,0.2085,0.0322,0.2155661,0.009346192,-0.8775692,0.6412575,-0.8646836,0.5978873,-1.038919,0.69701725,0.008848436,0.0103546735
110,5.75,1.79,0.244,-0.2,97.14,0.1219,0.02397,0.16450924,0.009530827,-0.8775692,0.6412575,-0.8646836,0.5978873,-1.038919,0.69701725,0.008848436,0.0103546735
110,5.75,1.79,0.244,-0.2,112.19,0.1078,0.01996,0.13109352,0.009764427,-0.8775692,0.6412575,-0.8646836,0.5978873,-1.038919,0.69701725,0.008848436,0.0103546735
110,5.75,1.79,0.244,-0.2,127.25,0.0996,0.0219,0.10921103,0.009909091,-0.8775692,0.6412575,-0.8646836,0.5978873,-1.038919,0.69701725,0.008848436,0.0103546735
110,5.75,1.79,0.244,-0.2,142.32,0.1133,0.03087,0.09517965,0.009978769,-0.8775692,0.6412575,-0.8646836,0.5978873,-1.038919,0.69701725,0.008848436,0.0103546735
110,5.75,1.79,0.244,-0.2,157.39,0.0752,0.01794,0.08682225,0.010006099,-0.8775692,0.6412575,-0.8646836,0.5978873,-1.038919,0.69701725,0.008848436,0.0103546735
110,5.75,1.79,0.244,-0.2,172.46,0.0729,0.02285,0.0829163,0.010014274,-0.8775692,0.6412575,-0.8646836,0.5978873,-1.038919,0.69701725,0.008848436,0.0103546735
110,5.75,1.79,0.244,-0.2,187.54,0.0,0.0,0.0829163,0.010014274,-0.8775692,0.6412575,-0.8646836,0.5978873,-1.038919,0.69701725,0.008848436,0.0103546735
110,5.75,1.79,0.244,-0.2,202.61,0.0993,0.03178,0.086822264,0.0100061,-0.8775692,0.6412575,-0.8646836,0.5978873,-1.038919,0.69701725,0.008848436,0.0103546735
110,5.75,1.79,0.244,-0.2,217.68,0.133,0.02366,0.09517963,0.009978769,-0.8775692,0.6412575,-0.8646836,0.5978873,-1.038919,0.69701725,0.008848436,0.0103546735
110,5.75,1.79,0.244,-0.2,232.75,0.0839,0.0223,0.10921103,0.009909091,-0.8775692,0.6412575,-0.8646836,0.5978873,-1.038919,0.69701725,0.008848436,0.0103546735
110,5.75,1.79,0.244,-0.2,247.81,0.1148,0.03596,0.13109352,0.009764429,-0.8775692,0.6412575,-0.8646836,0.5978873,-1.038919,0.69701725,0.008848436,0.0103546735
110,5.75,1.79,0.244,-0.2,262.86,0.129,0.02369,0.16450922,0.009530827,-0.8775692,0.6412575,-0.8646836,0.5978873,-1.038919,0.69701725,0.008848436,0.0103546735
110,5.75,1.79,0.244,-0.2,277.91,0.2297,0.02986,0.21556595,0.009346192,-0.8775692,0.6412575,-0.8646836,0.5978873,-1.038919,0.69701725,0.008848436,0.0103546735
110,5.75,1.79,0.244,-0.2,292.96,0.2418,0.04595,0.29399833,0.009940487,-0.8775692,0.6412575,-0.8646836,0.5978873,-1.038919,0.69701725,0.008848436,0.0103546735
110,5.75,1.79,0.244,-0.2,307.98,0.5125,0.07523,0.41358566,0.01316427,-0.8775692,0.6412575,-0.8646836,0.5978873,-1.038919,0.69701725,0.008848436,0.0103546735
110,5.75,1.79,0.244,-0.2,322.97,0.5915,0.06354,0.58780104,0.020824926,-0.8775692,0.6412575,-0.8646836,0.5978873,-1.038919,0.69701725,0.008848436,0.0103546735
110,5.75,1.79,0.244,-0.2,337.71,0.7738,0.06622,0.80231714,0.03210568,-0.8775692,0.6412575,-0.8646836,0.5978873,-1.038919,0.69701725,0.008848436,0.0103546735
110,5.75,1.79,0.244,-0.2,352.48,0.9827,0.08284,0.9773999,0.041910604,-0.8775692,0.6412575,-0.8646836,0.5978873,-1.038919,0.69701725,0.008848436,0.0103546735
111,5.75,1.79,0.244,-0.26,7.94,0.9687,0.10165,1.0293626,0.05005618,-0.6061469,0.7425012,-0.569192,0.6930287,-0.65221876,0.845188,0.01896224,0.008482024
111,5.75,1.79,0.244,-0.26,22.8,0.7506,0.07989,0.7504057,0.03268412,-0.6061469,0.7425012,-0.569192,0.6930287,-0.65221876,0.845188,0.01896224,0.008482024
111,5.75,1.79,0.244,-0.26,36.9,0.4449,0.04327,0.49576858,0.01779512,-0.6061469,0.7425012,-0.569192,0.6930287,-0.65221876,0.845188,0.01896224,0.008482024
111,5.75,1.79,0.244,-0.26,51.92,0.3577,0.03042,0.3191331,0.009537287,-0.6061469,0.7425012,-0.569192,0.6930287,-0.65221876,0.845188,0.01896224,0.008482024
111,5.75,1.79,0.244,-0.26,66.98,0.2284,0.02474,0.21516705,0.0074565625,-0.6061469,0.7425012,-0.569192,0.6930287,-0.65221876,0.845188,0.01896224,0.008482024
111,5.75,1.79,0.244,-0.26,82.04,0.1546,0.02304,0.15396228,0.007679441,-0.6061469,0.7425012,-0.569192,0.6930287,-0.65221876,0.845188,0.01896224,0.008482024
111,5.75,1.79,0.244,-0.26,97.11,0.1155,0.02119,0.11692647,0.008058619,-0.6061469,0.7425012,-0.569192,0.6930287,-0.65221876,0.845188,0.01896224,0.008482024
111,5.75,1.79,0.244,-0.26,112.17,0.097,0.01604,0.093948565,0.008248739,-0.6061469,0.7425012,-0.569192,0.6930287,-0.65221876,0.845188,0.01896224,0.008482024
111,5.75,1.79,0.244,-0.26,127.24,0.0862,0.02787,0.079463534,0.008303193,-0.6061469,0.7425012,-0.569192,0.6930287,-0.65221876,0.845188,0.01896224,0.008482024
111,5.75,1.79,0.244,-0.26,142.31,0.0511,0.01619,0.07042939,0.008295544,-0.6061469,0.7425012,-0.569192,0.6930287,-0.65221876,0.845188,0.01896224,0.008482024
111,5.75,1.79,0.244,-0.26,157.38,0.0441,0.01951,0.0651446,0.008271739,-0.6061469,0.7425012,-0.569192,0.6930287,-0.65221876,0.845188,0.01896224,0.008482024
111,5.75,1.79,0.244,-0.26,172.46,0.095,0.03328,0.062698886,0.008255129,-0.6061469,0.7425012,-0.569192,0.6930287,-0.65221876,0.845188,0.01896224,0.008482024
111,5.75,1.79,0.244,-0.26,187.54,0.0736,0.03055,0.062698886,0.008255129,-0.6061469,0.7425012,-0.569192,0.6930287,-0.65221876,0.845188,0.01896224,0.008482024
111,5.75,1.79,0.244,-0.26,202.62,0.0792,0.02198,0.0651446,0.008271739,-0.6061469,0.7425012,-0.569192,0.6930287,-0.65221876,0.845188,0.01896224,0.008482024
111,5.75,1.79,0.244,-0.26,217.69,0.0564,0.02281,0.07042937,0.008295543,-0.6061469,0.7425012,-0.569192,0.6930287,-0.65221876,0.845188,0.01896224,0.008482024
111,5.75,1.79,0.244,-0.26,232.76,0.0652,0.02316,0.079463534,0.008303193,-0.6061469,0.7425012,-0.569192,0.6930287,-0.65221876,0.845188,0.01896224,0.008482024
111,5.75,1.79,0.244,-0.26,247.83,0.1025,0.01951,0.093948565,0.00824874,-0.6061469,0.7425012,-0.569192,0.6930287,-0.65221876,0.845188,0.01896224,0.008482024
111,5.75,1.79,0.244,-0.26,262.89,0.1127,0.0205,0.11692648,0.008058619,-0.6061469,0.7425012,-0.569192,0.6930287,-0.65221876,0.845188,0.01896224,0.008482024
111,5.75,1.79,0.244,-0.26,277.96,0.1456,0.02086,0.15396214,0.007679441,-0.6061469,0.7425012,-0.569192,0.6930287,-0.65221876,0.845188,0.01896224,0.008482024
111,5.75,1.79,0.244,-0.26,293.02,0.2293,0.04428,0.21516705,0.0074565625,-0.6061469,0.7425012,-0.569192,0.6930287,-0.65221876,0.845188,0.01896224,0.008482024
111,5.75,1.79,0.244,-0.26,308.08,0.3108,0.03446,0.31913272,0.009537278,-0.6061469,0.7425012,-0.569192,0.6930287,-0.65221876,0.845188,0.01896224,0.008482024
111,5.75,1.79,0.244,-0.26,323.1,0.4629,0.03986,0.4957682,0.017795105,-0.6061469,0.7425012,-0.569192,0.6930287,-0.65221876,0.845188,0.01896224,0.008482024
111,5.75,1.79,0.244,-0.26,337.2,0.7417,0.05613,0.75040656,0.03268416,-0.6061469,0.7425012,-0.569192,0.6930287,-0.65221876,0.845188,0.01896224,0.008482024
111,5.75,1.79,0.244,-0.26,352.06,1.1343,0.10085,1.0293627,0.050056174,-0.6061469,0.7425012,-0.569192,0.6930287,-0.65221876,0.845188,0.01896224,0.008482024
112,5.75,1.8,0.244,-0.34,9.48,0.0,0.0,1.1436915,0.087310486,-2.7285066,3.076734,-13.455809,19.479342,16.087175,22.9002,0.05043972,0.04470335
112,5.75,1.8,0.244,-0.34,24.21,0.6359,0.0715,0.65270144,0.039683912,-2.7285066,3.076734,-13.455809,19.479342,16.087175,22.9002,0.05043972,0.04470335
112,5.75,1.8,0.244,-0.34,36.86,0.3775,0.03071,0.38388884,0.016114695,-2.7285066,3.076734,-13.455809,19.479342,16.087175,22.9002,0.05043972,0.04470335
112,5.75,1.8,0.244,-0.34,51.81,0.2216,0.02059,0.22130051,0.0073912144,-2.7285066,3.076734,-13.455809,19.479342,16.087175,22.9002,0.05043972,0.04470335
112,5.75,1.8,0.244,-0.34,66.91,0.1277,0.01663,0.14109269,0.0075896103,-2.7285066,3.076734,-13.455809,19.479342,16.087175,22.9002,0.05043972,0.04470335
112,5.75,1.8,0.244,-0.34,82.0,0.0778,0.01294,0.09975463,0.007971724,-2.7285066,3.076734,-13.455809,19.479342,16.087175,22.9002,0.05043972,0.04470335
112,5.75,1.8,0.244,-0.34,97.08,0.0699,0.01096,0.077330686,0.008189251,-2.7285066,3.076734,-13.455809,19.479342,16.087175,22.9002,0.05043972,0.04470335
112,5.75,1.8,0.244,-0.34,112.15,0.0516,0.0106,0.06471468,0.0087188855,-2.7285066,3.076734,-13.455809,19.479342,16.087175,22.9002,0.05043972,0.04470335
112,5.75,1.8,0.244,-0.34,127.23,0.0551,0.01989,0.05746407,0.009549644,-2.7285066,3.076734,-13.455809,19.479342,16.087175,22.9002,0.05043972,0.04470335
112,5.75,1.8,0.244,-0.34,142.31,0.0,0.0,0.053311598,0.010433409,-2.7285066,3.076734,-13.455809,19.479342,16.087175,22.9002,0.05043972,0.04470335
112,5.75,1.8,0.244,-0.34,157.38,0.0316,0.01975,0.051051304,0.011139809,-2.7285066,3.076734,-13.455809,19.479342,16.087175,22.9002,0.05043972,0.04470335
112,5.75,1.8,0.244,-0.34,172.46,0.0,0.0,0.05005458,0.011526075,-2.7285066,3.076734,-13.455809,19.479342,16.087175,22.9002,0.05043972,0.04470335
112,5.75,1.8,0.244,-0.34,187.54,0.0,0.0,0.05005458,0.011526075,-2.7285066,3.076734,-13.455809,19.479342,16.087175,22.9002,0.05043972,0.04470335
112,5.75,1.8,0.244,-0.34,202.62,0.0564,0.0342,0.051051304,0.011139809,-2.7285066,3.076734,-13.455809,19.479342,16.087175,22.9002,0.05043972,0.04470335
112,5.75,1.8,0.244,-0.34,217.69,0.1114,0.05955,0.05331159,0.010433417,-2.7285066,3.076734,-13.455809,19.479342,16.087175,22.9002,0.05043972,0.04470335
112,5.75,1.8,0.244,-0.34,232.77,0.0517,0.02101,0.05746407,0.009549644,-2.7285066,3.076734,-13.455809,19.479342,16.087175,22.9002,0.05043972,0.04470335
112,5.75,1.8,0.244,-0.34,247.85,0.0663,0.02052,0.06471467,0.008718884,-2.7285066,3.076734,-13.455809,19.479342,16.087175,22.9002,0.05043972,0.04470335
112,5.75,1.8,0.244,-0.34,262.92,0.0895,0.01394,0.07733069,0.008189252,-2.7285066,3.076734,-13.455809,19.479342,16.087175,22.9002,0.05043972,0.04470335
112,5.75,1.8,0.244,-0.34,278.0,0.0878,0.01439,0.09975463,0.007971724,-2.7285066,3.076734,-13.455809,19.479342,16.087175,22.9002,0.05043972,0.04470335
112,5.75,1.8,0.244,-0.34,293.09,0.1615,0.0251,0.14109266,0.007589616,-2.7285066,3.076734,-13.455809,19.479342,16.087175,22.9002,0.05043972,0.04470335
112,5.75,1.8,0.244,-0.34,308.19,0.2246,0.0311,0.22130041,0.00739121,-2.7285066,3.076734,-13.455809,19.479342,16.087175,22.9002,0.05043972,0.04470335
112,5.75,1.8,0.244,-0.34,323.14,0.3849,0.03988,0.38388923,0.016114704,-2.7285066,3.076734,-13.455809,19.479342,16.087175,22.9002,0.05043972,0.04470335
112,5.75,1.8,0.244,-0.34,335.79,0.6702,0.05384,0.6527005,0.039683875,-2.7285066,3.076734,-13.455809,19.479342,16.087175,22.9002,0.05043972,0.04470335
112,5.75,1.8,0.244,-0.34,350.52,0.0,0.0,1.1436917,0.08731048,-2.7285066,3.076734,-13.455809,19.479342,16.087175,22.9002,0.05043972,0.04470335
113,5.75,1.8,0.244,-0.45,7.5,0.0,0.0,1.5750525,0.20962104,-0.49808705,2.843812,0.5270346,7.4027824,-2.488057,13.738938,0.012783855,0.02505688
113,5.75,1.8,0.244,-0.45,26.69,0.0,0.0,0.44987175,0.043523133,-0.49808705,2.843812,0.5270346,7.4027824,-2.488057,13.738938,0.012783855,0.02505688
113,5.75,1.8,0.244,-0.45,36.83,0.2675,0.02277,0.26156947,0.017814785,-0.49808705,2.843812,0.5270346,7.4027824,-2.488057,13.738938,0.012783855,0.02505688
113,5.75,1.8,0.244,-0.45,51.71,0.1461,0.01315,0.14057179,0.005137429,-0.49808705,2.843812,0.5270346,7.4027824,-2.488057,13.738938,0.012783855,0.02505688
113,5.75,1.8,0.244,-0.45,66.84,0.082,0.0109,0.087679446,0.0046330057,-0.49808705,2.843812,0.5270346,7.4027824,-2.488057,13.738938,0.012783855,0.02505688
113,5.75,1.8,0.244,-0.45,81.95,0.0556,0.00972,0.061701223,0.0051305583,-0.49808705,2.843812,0.5270346,7.4027824,-2.488057,13.738938,0.012783855,0.02505688
113,5.75,1.8,0.244,-0.45,97.05,0.0483,0.01439,0.04761977,0.0053416626,-0.49808705,2.843812,0.5270346,7.4027824,-2.488057,13.738938,0.012783855,0.02505688
113,5.75,1.8,0.244,-0.45,112.14,0.0342,0.01068,0.03945935,0.005676953,-0.49808705,2.843812,0.5270346,7.4027824,-2.488057,13.738938,0.012783855,0.02505688
113,5.75,1.8,0.244,-0.45,127.22,0.0,0.0,0.034536447,0.0061724004,-0.49808705,2.843812,0.5270346,7.4027824,-2.488057,13.738938,0.012783855,0.02505688
113,5.75,1.8,0.244,-0.45,142.3,0.0,0.0,0.03154392,0.006690478,-0.49808705,2.843812,0.5270346,7.4027824,-2.488057,13.738938,0.012783855,0.02505688
113,5.75,1.8,0.244,-0.45,157.37,0.0,0.0,0.029819695,0.0071005677,-0.49808705,2.843812,0.5270346,7.4027824,-2.488057,13.738938,0.012783855,0.02505688
113,5.75,1.8,0.244,-0.45,172.46,0.0,0.0,0.029026948,0.007323678,-0.49808705,2.843812,0.5270346,7.4027824,-2.488057,13.738938,0.012783855,0.02505688
113,5.75,1.8,0.244,-0.45,187.54,0.0,0.0,0.029026948,0.007323678,-0.49808705,2.843812,0.5270346,7.4027824,-2.488057,13.738938,0.012783855,0.02505688
113,5.75,1.8,0.244,-0.45,202.63,0.0,0.0,0.029819695,0.0071005677,-0.49808705,2.843812,0.5270346,7.4027824,-2.488057,13.738938,0.012783855,0.02505688
113,5.75,1.8,0.244,-0.45,217.7,0.0,0.0,0.031543925,0.0066904784,-0.49808705,2.843812,0.5270346,7.4027824,-2.488057,13.738938,0.012783855,0.02505688
113,5.75,1.8,0.244,-0.45,232.78,0.0363,0.03048,0.034536447,0.0061724004,-0.49808705,2.843812,0.5270346,7.4027824,-2.488057,13.738938,0.012783855,0.02505688
113,5.75,1.8,0.244,-0.45,247.86,0.0361,0.01132,0.03945935,0.005676952,-0.49808705,2.843812,0.5270346,7.4027824,-2.488057,13.738938,0.012783855,0.02505688
113,5.75,1.8,0.244,-0.45,262.95,0.042,0.00784,0.047619797,0.005341662,-0.49808705,2.843812,0.5270346,7.4027824,-2.488057,13.738938,0.012783855,0.02505688
113,5.75,1.8,0.244,-0.45,278.05,0.0617,0.00791,0.061701182,0.005130558,-0.49808705,2.843812,0.5270346,7.4027824,-2.488057,13.738938,0.012783855,0.02505688
113,5.75,1.8,0.244,-0.45,293.16,0.1165,0.01492,0.08767943,0.0046330085,-0.49808705,2.843812,0.5270346,7.4027824,-2.488057,13.738938,0.012783855,0.02505688
113,5.75,1.8,0.244,-0.45,308.29,0.1219,0.01676,0.14057179,0.005137429,-0.49808705,2.843812,0.5270346,7.4027824,-2.488057,13.738938,0.012783855,0.02505688
113,5.75,1.8,0.244,-0.45,323.17,0.2596,0.02819,0.26156947,0.017814796,-0.49808705,2.843812,0.5270346,7.4027824,-2.488057,13.738938,0.012783855,0.02505688
113,5.75,1.8,0.244,-0.45,333.31,0.0,0.0,0.44987175,0.043523133,-0.49808705,2.843812,0.5270346,7.4027824,-2.488057,13.738938,0.012783855,0.02505688
113,5.75,1.8,0.244,-0.45,352.5,0.0,0.0,1.5750524,0.20962106,-0.49808705,2.843812,0.5270346,7.4027824,-2.488057,13.738938,0.012783855,0.02505688
114,5.75,2.12,0.244,-0.11,7.54,1.5346,0.13712,1.5479796,0.058074992,1.0663686,1.0441113,1.0826029,1.0409106,1.1547385,1.1162997,-0.025026875,0.01870125
114,5.75,2.12,0.244,-0.11,22.6,1.4207,0.13277,1.3950366,0.050116636,1.0663686,1.0441113,1.0826029,1.0409106,1.1547385,1.1162997,-0.025026875,0.01870125
114,5.75,2.12,0.244,-0.11,37.61,1.0404,0.12148,1.1608214,0.03846632,1.0663686,1.0441113,1.0826029,1.0409106,1.1547385,1.1162997,-0.025026875,0.01870125
114,5.75,2.12,0.244,-0.11,52.44,0.8799,0.0865,0.92303485,0.027900875,1.0663686,1.0441113,1.0826029,1.0409106,1.1547385,1.1162997,-0.025026875,0.01870125
114,5.75,2.12,0.244,-0.11,67.2,0.6952,0.06824,0.71941453,0.02107406,1.0663686,1.0441113,1.0826029,1.0409106,1.1547385,1.1162997,-0.025026875,0.01870125
114,5.75,2.12,0.244,-0.11,82.22,0.5983,0.0752,0.55659187,0.0184818,1.0663686,1.0441113,1.0826029,1.0409106,1.1547385,1.1162997,-0.025026875,0.01870125
114,5.75,2.12,0.244,-0.11,97.24,0.507,0.07297,0.43484956,0.018733086,1.0663686,1.0441113,1.0826029,1.0409106,1.1547385,1.1162997,-0.025026875,0.01870125
114,5.75,2.12,0.244,-0.11,112.27,0.3218,0.04225,0.34637478,0.019931586,1.0663686,1.0441113,1.0826029,1.0409106,1.1547385,1.1162997,-0.025026875,0.01870125
114,5.75,2.12,0.244,-0.11,127.31,0.2593,0.0599,0.28380713,0.021124907,1.0663686,1.0441113,1.0826029,1.0409106,1.1547385,1.1162997,-0.025026875,0.01870125
114,5.75,2.12,0.244,-0.11,142.36,0.2583,0.0636,0.2414143,0.022027692,1.0663686,1.0441113,1.0826029,1.0409106,1.1547385,1.1162997,-0.025026875,0.01870125
114,5.75,2.12,0.244,-0.11,157.41,0.205,0.0475,0.21521138,0.02260394,1.0663686,1.0441113,1.0826029,1.0409106,1.1547385,1.1162997,-0.025026875,0.01870125
114,5.75,2.12,0.244,-0.11,172.47,0.156,0.05685,0.20269403,0.02288066,1.0663686,1.0441113,1.0826029,1.0409106,1.1547385,1.1162997,-0.025026875,0.01870125
114,5.75,2.12,0.244,-0.11,187.53,0.159,0.05759,0.20269403,0.02288066,1.0663686,1.0441113,1.0826029,1.0409106,1.1547385,1.1162997,-0.025026875,0.01870125
114,5.75,2.12,0.244,-0.11,202.59,0.1964,0.0496,0.21521121,0.022603935,1.0663686,1.0441113,1.0826029,1.0409106,1.1547385,1.1162997,-0.025026875,0.01870125
114,5.75,2.12,0.244,-0.11,217.64,0.3118,0.0963,0.2414143,0.022027694,1.0663686,1.0441113,1.0826029,1.0409106,1.1547385,1.1162997,-0.025026875,0.01870125
114,5.75,2.12,0.244,-0.11,232.69,0.3251,0.08869,0.28380713,0.021124907,1.0663686,1.0441113,1.0826029,1.0409106,1.1547385,1.1162997,-0.025026875,0.01870125
114,5.75,2.12,0.244,-0.11,247.73,0.3892,0.07731,0.34637475,0.019931586,1.0663686,1.0441113,1.0826029,1.0409106,1.1547385,1.1162997,-0.025026875,0.01870125
114,5.75,2.12,0.244,-0.11,262.76,0.3741,0.04429,0.4348495,0.018733088,1.0663686,1.0441113,1.0826029,1.0409106,1.1547385,1.1162997,-0.025026875,0.01870125
114,5.75,2.12,0.244,-0.11,277.78,0.6233,0.09723,0.55659187,0.018481797,1.0663686,1.0441113,1.0826029,1.0409106,1.1547385,1.1162997,-0.025026875,0.01870125
114,5.75,2.12,0.244,-0.11,292.8,0.7363,0.11507,0.71941453,0.021074055,1.0663686,1.0441113,1.0826029,1.0409106,1.1547385,1.1162997,-0.025026875,0.01870125
114,5.75,2.12,0.244,-0.11,307.56,0.8337,0.08401,0.9230347,0.027900875,1.0663686,1.0441113,1.0826029,1.0409106,1.1547385,1.1162997,-0.025026875,0.01870125
114,5.75,2.12,0.244,-0.11,322.39,1.2046,0.10594,1.1608214,0.03846632,1.0663686,1.0441113,1.0826029,1.0409106,1.1547385,1.1162997,-0.025026875,0.01870125
114,5.75,2.12,0.244,-0.11,337.4,1.3884,0.141,1.3950362,0.050116625,1.0663686,1.0441113,1.0826029,1.0409106,1.1547385,1.1162997,-0.025026875,0.01870125
114,5.75,2.12,0.244,-0.11,352.46,1.695,0.1655,1.5479796,0.058074992,1.0663686,1.0441113,1.0826029,1.0409106,1.1547385,1.1162997,-0.025026875,0.01870125
115,5.75,2.12,0.245,-0.15,7.67,1.84,0.22472,1.858389,0.075293325,2.9023697,1.1809742,2.800898,1.1476779,3.0716004,1.3015634,0.040276323,0.017430194
115,5.75,2.12,0.245,-0.15,22.96,1.5919,0.13416,1.5497643,0.05927238,2.9023697,1.1809742,2.800898,1.1476779,3.0716004,1.3015634,0.040276323,0.017430194
115,5.75,2.12,0.245,-0.15,37.7,1.0971,0.09876,1.1681316,0.04023676,2.9023697,1.1809742,2.800898,1.1476779,3.0716004,1.3015634,0.040276323,0.017430194
115,5.75,2.12,0.245,-0.15,52.54,0.7936,0.08988,0.84370923,0.02578267,2.9023697,1.1809742,2.800898,1.1476779,3.0716004,1.3015634,0.040276323,0.017430194
115,5.75,2.12,0.245,-0.15,67.11,0.6149,0.07227,0.61241275,0.018316645,2.9023697,1.1809742,2.800898,1.1476779,3.0716004,1.3015634,0.040276323,0.017430194
115,5.75,2.12,0.245,-0.15,82.14,0.4462,0.05147,0.44860372,0.016246699,2.9023697,1.1809742,2.800898,1.1476779,3.0716004,1.3015634,0.040276323,0.017430194
115,5.75,2.12,0.245,-0.15,97.19,0.3359,0.04317,0.33845538,0.01674354,2.9023697,1.1809742,2.800898,1.1476779,3.0716004,1.3015634,0.040276323,0.017430194
115,5.75,2.12,0.245,-0.15,112.24,0.3084,0.04718,0.2647798,0.017707905,2.9023697,1.1809742,2.800898,1.1476779,3.0716004,1.3015634,0.040276323,0.017430194
115,5.75,2.12,0.245,-0.15,127.29,0.2034,0.03398,0.21585691,0.01849108,2.9023697,1.1809742,2.800898,1.1476779,3.0716004,1.3015634,0.040276323,0.017430194
115,5.75,2.12,0.245,-0.15,142.35,0.1898,0.03125,0.18419963,0.019008253,2.9023697,1.1809742,2.800898,1.1476779,3.0716004,1.3015634,0.040276323,0.017430194
115,5.75,2.12,0.245,-0.15,157.41,0.1622,0.04057,0.16524847,0.019306628,2.9023697,1.1809742,2.800898,1.1476779,3.0716004,1.3015634,0.040276323,0.017430194
115,5.75,2.12,0.245,-0.15,172.47,0.1458,0.0301,0.15637112,0.01944068,2.9023697,1.1809742,2.800898,1.1476779,3.0716004,1.3015634,0.040276323,0.017430194
115,5.75,2.12,0.245,-0.15,187.53,0.1656,0.03323,0.15637112,0.01944068,2.9023697,1.1809742,2.800898,1.1476779,3.0716004,1.3015634,0.040276323,0.017430194
115,5.75,2.12,0.245,-0.15,202.59,0.1535,0.02523,0.16524847,0.019306628,2.9023697,1.1809742,2.800898,1.1476779,3.0716004,1.3015634,0.040276323,0.017430194
115,5.75,2.12,0.245,-0.15,217.65,0.163,0.0313,0.18419963,0.019008256,2.9023697,1.1809742,2.800898,1.1476779,3.0716004,1.3015634,0.040276323,0.017430194
115,5.75,2.12,0.245,-0.15,232.71,0.2283,0.03559,0.21585691,0.01849108,2.9023697,1.1809742,2.800898,1.1476779,3.0716004,1.3015634,0.040276323,0.017430194
115,5.75,2.12,0.245,-0.15,247.76,0.2927,0.04396,0.26477975,0.017707907,2.9023697,1.1809742,2.800898,1.1476779,3.0716004,1.3015634,0.040276323,0.017430194
115,5.75,2.12,0.245,-0.15,262.81,0.2986,0.0343,0.33845502,0.016743537,2.9023697,1.1809742,2.800898,1.1476779,3.0716004,1.3015634,0.040276323,0.017430194
115,5.75,2.12,0.245,-0.15,277.86,0.4838,0.04511,0.44860366,0.016246699,2.9023697,1.1809742,2.800898,1.1476779,3.0716004,1.3015634,0.040276323,0.017430194
115,5.75,2.12,0.245,-0.15,292.89,0.568,0.06143,0.61241275,0.01831665,2.9023697,1.1809742,2.800898,1.1476779,3.0716004,1.3015634,0.040276323,0.017430194
115,5.75,2.12,0.245,-0.15,307.46,0.8974,0.08546,0.84370834,0.02578264,2.9023697,1.1809742,2.800898,1.1476779,3.0716004,1.3015634,0.040276323,0.017430194
115,5.75,2.12,0.245,-0.15,322.3,1.2003,0.10896,1.1681314,0.040236756,2.9023697,1.1809742,2.800898,1.1476779,3.0716004,1.3015634,0.040276323,0.017430194
115,5.75,2.12,0.245,-0.15,337.04,1.6672,0.18417,1.549762,0.059272297,2.9023697,1.1809742,2.800898,1.1476779,3.0716004,1.3015634,0.040276323,0.017430194
115,5.75,2.12,0.245,-0.15,352.33,1.7781,0.17075,1.858389,0.075293325,2.9023697,1.1809742,2.800898,1.1476779,3.0716004,1.3015634,0.040276323,0.017430194
116,5.75,2.12,0.245,-0.2,8.89,0.0,0.0,2.1170049,0.14426175,3.970339,1.933993,2.1906548,2.3261914,5.110781,5.371526,0.04797082,0.021153934
116,5.75,2.12,0.245,-0.2,23.98,0.0,0.0,1.5323108,0.097730875,3.970339,1.933993,2.1906548,2.3261914,5.110781,5.371526,0.04797082,0.021153934
116,5.75,2.12,0.245,-0.2,38.17,1.0285,0.08932,1.0120132,0.057037283,3.970339,1.933993,2.1906548,2.3261914,5.110781,5.371526,0.04797082,0.021153934
116,5.75,2.12,0.245,-0.2,52.69,0.6593,0.06058,0.6570532,0.030429149,3.970339,1.933993,2.1906548,2.3261914,5.110781,5.371526,0.04797082,0.021153934
116,5.75,2.12,0.245,-0.2,67.03,0.4148,0.04388,0.44194812,0.015940242,3.970339,1.933993,2.1906548,2.3261914,5.110781,5.371526,0.04797082,0.021153934
116,5.75,2.12,0.245,-0.2,82.09,0.3466,0.04215,0.30452603,0.009315138,3.970339,1.933993,2.1906548,2.3261914,5.110781,5.371526,0.04797082,0.021153934
116,5.75,2.12,0.245,-0.2,97.15,0.2423,0.03034,0.22032416,0.008160809,3.970339,1.933993,2.1906548,2.3261914,5.110781,5.371526,0.04797082,0.021153934
116,5.75,2.12,0.245,-0.2,112.22,0.1719,0.02348,0.16765702,0.008708122,3.970339,1.933993,2.1906548,2.3261914,5.110781,5.371526,0.04797082,0.021153934
116,5.75,2.12,0.245,-0.2,127.28,0.1102,0.0191,0.13445687,0.009253081,3.970339,1.933993,2.1906548,2.3261914,5.110781,5.371526,0.04797082,0.021153934
116,5.75,2.12,0.245,-0.2,142.34,0.1249,0.03074,0.11379555,0.009558386,3.970339,1.933993,2.1906548,2.3261914,5.110781,5.371526,0.04797082,0.021153934
116,5.75,2.12,0.245,-0.2,157.4,0.1269,0.03012,0.10175578,0.009694266,3.970339,1.933993,2.1906548,2.3261914,5.110781,5.371526,0.04797082,0.021153934
116,5.75,2.12,0.245,-0.2,172.47,0.0759,0.01629,0.09620337,0.009741163,3.970339,1.933993,2.1906548,2.3261914,5.110781,5.371526,0.04797082,0.021153934
116,5.75,2.12,0.245,-0.2,187.53,0.0884,0.0222,0.09620337,0.009741164,3.970339,1.933993,2.1906548,2.3261914,5.110781,5.371526,0.04797082,0.021153934
116,5.75,2.12,0.245,-0.2,202.6,0.1162,0.01823,0.10175576,0.009694262,3.970339,1.933993,2.1906548,2.3261914,5.110781,5.371526,0.04797082,0.021153934
116,5.75,2.12,0.245,-0.2,217.66,0.1069,0.02177,0.11379554,0.009558381,3.970339,1.933993,2.1906548,2.3261914,5.110781,5.371526,0.04797082,0.021153934
116,5.75,2.12,0.245,-0.2,232.72,0.1499,0.02648,0.13445687,0.009253081,3.970339,1.933993,2.1906548,2.3261914,5.110781,5.371526,0.04797082,0.021153934
116,5.75,2.12,0.245,-0.2,247.78,0.1564,0.02102,0.1676569,0.008708115,3.970339,1.933993,2.1906548,2.3261914,5.110781,5.371526,0.04797082,0.021153934
116,5.75,2.12,0.245,-0.2,262.85,0.2092,0.02474,0.22032413,0.008160809,3.970339,1.933993,2.1906548,2.3261914,5.110781,5.371526,0.04797082,0.021153934
116,5.75,2.12,0.245,-0.2,277.91,0.3031,0.04869,0.30452582,0.009315131,3.970339,1.933993,2.1906548,2.3261914,5.110781,5.371526,0.04797082,0.021153934
116,5.75,2.12,0.245,-0.2,292.97,0.3802,0.0562,0.44194812,0.015940242,3.970339,1.933993,2.1906548,2.3261914,5.110781,5.371526,0.04797082,0.021153934
116,5.75,2.12,0.245,-0.2,307.31,0.6291,0.06616,0.65705305,0.030429127,3.970339,1.933993,2.1906548,2.3261914,5.110781,5.371526,0.04797082,0.021153934
116,5.75,2.12,0.245,-0.2,321.83,1.0307,0.10688,1.0120131,0.05703724,3.970339,1.933993,2.1906548,2.3261914,5.110781,5.371526,0.04797082,0.021153934
116,5.75,2.12,0.245,-0.2,336.02,0.0,0.0,1.5323108,0.097730845,3.970339,1.933993,2.1906548,2.3261914,5.110781,5.371526,0.04797082,0.021153934
116,5.75,2.12,0.245,-0.2,351.11,0.0,0.0,2.1169991,0.14426138,3.970339,1.933993,2.1906548,2.3261914,5.110781,5.371526,0.04797082,0.021153934
117,5.75,2.12,0.245,-0.26,14.3,0.0,0.0,2.124301,0.17817035,5.235966,2.526471,3.9668775,3.009486,3.4263859,7.027939,0.054071642,0.022229465
117,5.75,2.12,0.245,-0.26,26.39,0.0,0.0,1.3184541,0.10142868,5.235966,2.526471,3.9668775,3.009486,3.4263859,7.027939,0.054071642,0.022229465
117,5.75,2.12,0.245,-0.26,38.87,0.8554,0.08229,0.7943124,0.052416734,5.235966,2.526471,3.9668775,3.009486,3.4263859,7.027939,0.054071642,0.022229465
117,5.75,2.12,0.245,-0.26,52.71,0.4852,0.0787,0.4789642,0.024297658,5.235966,2.526471,3.9668775,3.009486,3.4263859,7.027939,0.054071642,0.022229465
117,5.75,2.12,0.245,-0.26,66.97,0.3119,0.04931,0.30565214,0.010815725,5.235966,2.526471,3.9668775,3.009486,3.4263859,7.027939,0.054071642,0.022229465
117,5.75,2.12,0.245,-0.26,82.06,0.2109,0.03009,0.20475206,0.0062759602,5.235966,2.526471,3.9668775,3.009486,3.4263859,7.027939,0.054071642,0.022229465
117,5.75,2.12,0.245,-0.26,97.13,0.1577,0.01829,0.14733939,0.006406185,5.235966,2.526471,3.9668775,3.009486,3.4263859,7.027939,0.054071642,0.022229465
117,5.75,2.12,0.245,-0.26,112.2,0.1196,0.01552,0.11332014,0.006962449,5.235966,2.526471,3.9668775,3.009486,3.4263859,7.027939,0.054071642,0.022229465
117,5.75,2.12,0.245,-0.26,127.27,0.0985,0.0164,0.09273383,0.0071724164,5.235966,2.526471,3.9668775,3.009486,3.4263859,7.027939,0.054071642,0.022229465
117,5.75,2.12,0.245,-0.26,142.33,0.0841,0.01748,0.08033749,0.0071605053,5.235966,2.526471,3.9668775,3.009486,3.4263859,7.027939,0.054071642,0.022229465
117,5.75,2.12,0.245,-0.26,157.4,0.0808,0.01668,0.07327744,0.007079406,5.235966,2.526471,3.9668775,3.009486,3.4263859,7.027939,0.054071642,0.022229465
117,5.75,2.12,0.245,-0.26,172.47,0.0692,0.01343,0.070071034,0.0070194793,5.235966,2.526471,3.9668775,3.009486,3.4263859,7.027939,0.054071642,0.022229465
117,5.75,2.12,0.245,-0.26,187.53,0.0595,0.01638,0.070071034,0.0070194798,5.235966,2.526471,3.9668775,3.009486,3.4263859,7.027939,0.054071642,0.022229465
117,5.75,2.12,0.245,-0.26,202.6,0.0713,0.01461,0.07327744,0.0070794076,5.235966,2.526471,3.9668775,3.009486,3.4263859,7.027939,0.054071642,0.022229465
117,5.75,2.12,0.245,-0.26,217.67,0.0814,0.01394,0.080337465,0.0071604988,5.235966,2.526471,3.9668775,3.009486,3.4263859,7.027939,0.054071642,0.022229465
117,5.75,2.12,0.245,-0.26,232.73,0.0917,0.01384,0.09273379,0.007172418,5.235966,2.526471,3.9668775,3.009486,3.4263859,7.027939,0.054071642,0.022229465
117,5.75,2.12,0.245,-0.26,247.8,0.103,0.0153,0.11332011,0.006962446,5.235966,2.526471,3.9668775,3.009486,3.4263859,7.027939,0.054071642,0.022229465
117,5.75,2.12,0.245,-0.26,262.87,0.1362,0.01642,0.14733933,0.0064061843,5.235966,2.526471,3.9668775,3.009486,3.4263859,7.027939,0.054071642,0.022229465
117,5.75,2.12,0.245,-0.26,277.94,0.1797,0.02044,0.20475206,0.0062759602,5.235966,2.526471,3.9668775,3.009486,3.4263859,7.027939,0.054071642,0.022229465
117,5.75,2.12,0.245,-0.26,293.03,0.3344,0.03213,0.30565214,0.010815716,5.235966,2.526471,3.9668775,3.009486,3.4263859,7.027939,0.054071642,0.022229465
117,5.75,2.12,0.245,-0.26,307.29,0.4754,0.05367,0.4789642,0.02429768,5.235966,2.526471,3.9668775,3.009486,3.4263859,7.027939,0.054071642,0.022229465
117,5.75,2.12,0.245,-0.26,321.13,0.7407,0.06535,0.7943124,0.052416697,5.235966,2.526471,3.9668775,3.009486,3.4263859,7.027939,0.054071642,0.022229465
117,5.75,2.12,0.245,-0.26,333.61,0.0,0.0,1.318454,0.10142865,5.235966,2.526471,3.9668775,3.009486,3.4263859,7.027939,0.054071642,0.022229465
117,5.75,2.12,0.245,-0.26,345.7,0.0,0.0,2.124301,0.17817035,5.235966,2.526471,3.9668775,3.009486,3.4263859,7.027939,0.054071642,0.022229465
118,5.75,2.12,0.245,-0.34,7.5,0.0,0.0,3.982837,0.46211475,9.494914,3.5833306,9.083346,2.7737777,3.3786488,6.4382787,0.06850119,0.027011098
118,5.75,2.12,0.245,-0.34,28.65,0.0,0.0,1.0382167,0.102923304,9.494914,3.5833306,9.083346,2.7737777,3.3786488,6.4382787,0.06850119,0.027011098
118,5.75,2.12,0.245,-0.34,39.99,0.5777,0.06726,0.5685927,0.04701802,9.494914,3.5833306,9.083346,2.7737777,3.3786488,6.4382787,0.06850119,0.027011098
118,5.75,2.12,0.245,-0.34,52.42,0.296,0.02405,0.32897818,0.019919142,9.494914,3.5833306,9.083346,2.7737777,3.3786488,6.4382787,0.06850119,0.027011098
118,5.75,2.12,0.245,-0.34,66.92,0.2033,0.0225,0.19489032,0.0069521004,9.494914,3.5833306,9.083346,2.7737777,3.3786488,6.4382787,0.06850119,0.027011098
118,5.75,2.12,0.245,-0.34,82.02,0.1516,0.01921,0.12597771,0.0041864016,9.494914,3.5833306,9.083346,2.7737777,3.3786488,6.4382787,0.06850119,0.027011098
118,5.75,2.12,0.245,-0.34,97.11,0.0967,0.01438,0.0899413,0.0048066326,9.494914,3.5833306,9.083346,2.7737777,3.3786488,6.4382787,0.06850119,0.027011098
118,5.75,2.12,0.245,-0.34,112.19,0.0792,0.01245,0.070198946,0.0050137807,9.494914,3.5833306,9.083346,2.7737777,3.3786488,6.4382787,0.06850119,0.027011098
118,5.75,2.12,0.245,-0.34,127.26,0.0711,0.01806,0.059108563,0.0048524574,9.494914,3.5833306,9.083346,2.7737777,3.3786488,6.4382787,0.06850119,0.027011098
118,5.75,2.12,0.245,-0.34,142.33,0.041,0.01537,0.052866414,0.004606065,9.494914,3.5833306,9.083346,2.7737777,3.3786488,6.4382787,0.06850119,0.027011098
118,5.75,2.12,0.245,-0.34,157.4,0.0343,0.01038,0.04951154,0.004415391,9.494914,3.5833306,9.083346,2.7737777,3.3786488,6.4382787,0.06850119,0.027011098
118,5.75,2.12,0.245,-0.34,172.46,0.0365,0.00793,0.04804627,0.0043199114,9.494914,3.5833306,9.083346,2.7737777,3.3786488,6.4382787,0.06850119,0.027011098
118,5.75,2.12,0.245,-0.34,187.54,0.0264,0.00757,0.04804627,0.0043199114,9.494914,3.5833306,9.083346,2.7737777,3.3786488,6.4382787,0.06850119,0.027011098
118,5.75,2.12,0.245,-0.34,202.6,0.048,0.01131,0.04951154,0.004415388,9.494914,3.5833306,9.083346,2.7737777,3.3786488,6.4382787,0.06850119,0.027011098
118,5.75,2.12,0.245,-0.34,217.67,0.0491,0.00774,0.052866407,0.0046060667,9.494914,3.5833306,9.083346,2.7737777,3.3786488,6.4382787,0.06850119,0.027011098
118,5.75,2.12,0.245,-0.34,232.74,0.0673,0.01074,0.059108563,0.0048524574,9.494914,3.5833306,9.083346,2.7737777,3.3786488,6.4382787,0.06850119,0.027011098
118,5.75,2.12,0.245,-0.34,247.81,0.0769,0.0173,0.07019894,0.0050137825,9.494914,3.5833306,9.083346,2.7737777,3.3786488,6.4382787,0.06850119,0.027011098
118,5.75,2.12,0.245,-0.34,262.89,0.0974,0.01708,0.08994132,0.0048066303,9.494914,3.5833306,9.083346,2.7737777,3.3786488,6.4382787,0.06850119,0.027011098
118,5.75,2.12,0.245,-0.34,277.98,0.1327,0.01495,0.12597771,0.0041864016,9.494914,3.5833306,9.083346,2.7737777,3.3786488,6.4382787,0.06850119,0.027011098
118,5.75,2.12,0.245,-0.34,293.08,0.1938,0.02185,0.19489014,0.0069520823,9.494914,3.5833306,9.083346,2.7737777,3.3786488,6.4382787,0.06850119,0.027011098
118,5.75,2.12,0.245,-0.34,307.58,0.3127,0.02928,0.32897747,0.019919079,9.494914,3.5833306,9.083346,2.7737777,3.3786488,6.4382787,0.06850119,0.027011098
118,5.75,2.12,0.245,-0.34,320.01,0.584,0.08124,0.56859356,0.047018073,9.494914,3.5833306,9.083346,2.7737777,3.3786488,6.4382787,0.06850119,0.027011098
118,5.75,2.12,0.245,-0.34,331.35,0.0,0.0,1.0382168,0.102923326,9.494914,3.5833306,9.083346,2.7737777,3.3786488,6.4382787,0.06850119,0.027011098
118,5.75,2.12,0.245,-0.34,352.5,0.0,0.0,3.982837,0.46211475,9.494914,3.5833306,9.083346,2.7737777,3.3786488,6.4382787,0.06850119,0.027011098
119,5.75,2.12,0.245,-0.45,7.5,0.0,0.0,5.850645,1.1620134,2.7569258,6.3423576,5.1251473,4.9145308,-3.934537,5.3383646,0.02072874,0.0275557
119,5.75,2.12,0.245,-0.45,22.5,0.0,0.0,0.9025078,0.15393744,2.7569258,6.3423576,5.1251473,4.9145308,-3.934537,5.3383646,0.02072874,0.0275557
119,5.75,2.12,0.245,-0.45,40.64,0.0,0.0,0.27868995,0.030409012,2.7569258,6.3423576,5.1251473,4.9145308,-3.934537,5.3383646,0.02072874,0.0275557
119,5.75,2.12,0.245,-0.45,51.97,0.1767,0.01501,0.16919045,0.011110997,2.7569258,6.3423576,5.1251473,4.9145308,-3.934537,5.3383646,0.02072874,0.0275557
119,5.75,2.12,0.245,-0.45,66.88,0.1016,0.01223,0.10244214,0.0030712602,2.7569258,6.3423576,5.1251473,4.9145308,-3.934537,5.3383646,0.02072874,0.0275557
119,5.75,2.12,0.245,-0.45,82.0,0.0701,0.01027,0.07013367,0.0035491034,2.7569258,6.3423576,5.1251473,4.9145308,-3.934537,5.3383646,0.02072874,0.0275557
119,5.75,2.12,0.245,-0.45,97.09,0.0553,0.01115,0.053089004,0.0036834397,2.7569258,6.3423576,5.1251473,4.9145308,-3.934537,5.3383646,0.02072874,0.0275557
119,5.75,2.12,0.245,-0.45,112.17,0.0425,0.00743,0.043448023,0.003272816,2.7569258,6.3423576,5.1251473,4.9145308,-3.934537,5.3383646,0.02072874,0.0275557
119,5.75,2.12,0.245,-0.45,127.25,0.0318,0.01015,0.03777199,0.0029220043,2.7569258,6.3423576,5.1251473,4.9145308,-3.934537,5.3383646,0.02072874,0.0275557
119,5.75,2.12,0.245,-0.45,142.32,0.0264,0.0069,0.034405675,0.002855655,2.7569258,6.3423576,5.1251473,4.9145308,-3.934537,5.3383646,0.02072874,0.0275557
119,5.75,2.12,0.245,-0.45,157.39,0.021,0.0059,0.032503325,0.0029701453,2.7569258,6.3423576,5.1251473,4.9145308,-3.934537,5.3383646,0.02072874,0.0275557
119,5.75,2.12,0.245,-0.45,172.46,0.0297,0.01183,0.031641327,0.0030793673,2.7569258,6.3423576,5.1251473,4.9145308,-3.934537,5.3383646,0.02072874,0.0275557
119,5.75,2.12,0.245,-0.45,187.54,0.0264,0.00816,0.031641327,0.0030793673,2.7569258,6.3423576,5.1251473,4.9145308,-3.934537,5.3383646,0.02072874,0.0275557
119,5.75,2.12,0.245,-0.45,202.61,0.0286,0.00628,0.032503325,0.0029701446,2.7569258,6.3423576,5.1251473,4.9145308,-3.934537,5.3383646,0.02072874,0.0275557
119,5.75,2.12,0.245,-0.45,217.68,0.0378,0.0131,0.034405664,0.0028556562,2.7569258,6.3423576,5.1251473,4.9145308,-3.934537,5.3383646,0.02072874,0.0275557
119,5.75,2.12,0.245,-0.45,232.75,0.0304,0.00742,0.03777199,0.0029220043,2.7569258,6.3423576,5.1251473,4.9145308,-3.934537,5.3383646,0.02072874,0.0275557
119,5.75,2.12,0.245,-0.45,247.83,0.0318,0.00764,0.04344802,0.0032728147,2.7569258,6.3423576,5.1251473,4.9145308,-3.934537,5.3383646,0.02072874,0.0275557
119,5.75,2.12,0.245,-0.45,262.91,0.0658,0.00853,0.053089004,0.003683446,2.7569258,6.3423576,5.1251473,4.9145308,-3.934537,5.3383646,0.02072874,0.0275557
119,5.75,2.12,0.245,-0.45,278.0,0.0823,0.00882,0.07013367,0.0035491034,2.7569258,6.3423576,5.1251473,4.9145308,-3.934537,5.3383646,0.02072874,0.0275557
119,5.75,2.12,0.245,-0.45,293.12,0.1207,0.01386,0.10244213,0.0030712567,2.7569258,6.3423576,5.1251473,4.9145308,-3.934537,5.3383646,0.02072874,0.0275557
119,5.75,2.12,0.245,-0.45,308.03,0.1773,0.0205,0.16919042,0.0111109745,2.7569258,6.3423576,5.1251473,4.9145308,-3.934537,5.3383646,0.02072874,0.0275557
119,5.75,2.12,0.245,-0.45,319.36,0.2733,0.03228,0.27868912,0.0304089,2.7569258,6.3423576,5.1251473,4.9145308,-3.934537,5.3383646,0.02072874,0.0275557
119,5.75,2.12,0.245,-0.45,337.5,0.0,0.0,0.9025078,0.15393735,2.7569258,6.3423576,5.1251473,4.9145308,-3.934537,5.3383646,0.02072874,0.0275557
119,5.75,2.12,0.245,-0.45,352.5,0.0,0.0,5.8504906,1.161983,2.7569258,6.3423576,5.1251473,4.9145308,-3.934537,5.3383646,0.02072874,0.0275557
120,5.75,1.94,0.274,-0.11,7.46,0.4022,0.07766,0.44603425,0.029801795,0.21795924,2.0837767,1.343633,2.287099,-2.726607,2.6795864,0.017118959,0.032370146
120,5.75,1.94,0.274,-0.11,22.4,0.3987,0.0546,0.42398715,0.02630525,0.21795924,2.0837767,1.343633,2.287099,-2.726607,2.6795864,0.017118959,0.032370146
120,5.75,1.94,0.274,-0.11,37.34,0.3855,0.05124,0.3855324,0.021429146,0.21795924,2.0837767,1.343633,2.287099,-2.726607,2.6795864,0.017118959,0.032370146
120,5.75,1.94,0.274,-0.11,52.3,0.3762,0.04363,0.33886078,0.018858049,0.21795924,2.0837767,1.343633,2.287099,-2.726607,2.6795864,0.017118959,0.032370146
120,5.75,1.94,0.274,-0.11,67.28,0.3159,0.0486,0.29140067,0.020922674,0.21795924,2.0837767,1.343633,2.287099,-2.726607,2.6795864,0.017118959,0.032370146
120,5.75,1.94,0.274,-0.11,82.28,0.207,0.05414,0.24806853,0.025720496,0.21795924,2.0837767,1.343633,2.287099,-2.726607,2.6795864,0.017118959,0.032370146
120,5.75,1.94,0.274,-0.11,97.28,0.196,0.06549,0.21131472,0.030783989,0.21795924,2.0837767,1.343633,2.287099,-2.726607,2.6795864,0.017118959,0.032370146
120,5.75,1.94,0.274,-0.11,112.3,0.0,0.0,0.18175507,0.03507831,0.21795924,2.0837767,1.343633,2.287099,-2.726607,2.6795864,0.017118959,0.032370146
120,5.75,1.94,0.274,-0.11,127.33,0.0,0.0,0.15916894,0.03835443,0.21795924,2.0837767,1.343633,2.287099,-2.726607,2.6795864,0.017118959,0.032370146
120,5.75,1.94,0.274,-0.11,142.36,0.0,0.0,0.14297678,0.04065538,0.21795924,2.0837767,1.343633,2.287099,-2.726607,2.6795864,0.017118959,0.032370146
120,5.75,1.94,0.274,-0.11,157.41,0.0,0.0,0.13255525,0.042101897,0.21795924,2.0837767,1.343633,2.287099,-2.726607,2.6795864,0.017118959,0.032370146
120,5.75,1.94,0.274,-0.11,172.47,0.0,0.0,0.12746277,0.042796444,0.21795924,2.0837767,1.343633,2.287099,-2.726607,2.6795864,0.017118959,0.032370146
120,5.75,1.94,0.274,-0.11,187.53,0.0,0.0,0.12746277,0.042796444,0.21795924,2.0837767,1.343633,2.287099,-2.726607,2.6795864,0.017118959,0.032370146
120,5.75,1.94,0.274,-0.11,202.59,0.0,0.0,0.13255525,0.042101897,0.21795924,2.0837767,1.343633,2.287099,-2.726607,2.6795864,0.017118959,0.032370146
120,5.75,1.94,0.274,-0.11,217.64,0.0,0.0,0.14297678,0.040655382,0.21795924,2.0837767,1.343633,2.287099,-2.726607,2.6795864,0.017118959,0.032370146
120,5.75,1.94,0.274,-0.11,232.67,0.0,0.0,0.15916891,0.038354438,0.21795924,2.0837767,1.343633,2.287099,-2.726607,2.6795864,0.017118959,0.032370146
120,5.75,1.94,0.274,-0.11,247.7,0.0,0.0,0.18175507,0.03507831,0.21795924,2.0837767,1.343633,2.287099,-2.726607,2.6795864,0.017118959,0.032370146
120,5.75,1.94,0.274,-0.11,262.72,0.2107,0.06684,0.21131472,0.03078399,0.21795924,2.0837767,1.343633,2.287099,-2.726607,2.6795864,0.017118959,0.032370146
120,5.75,1.94,0.274,-0.11,277.72,0.2091,0.05635,0.24806853,0.025720498,0.21795924,2.0837767,1.343633,2.287099,-2.726607,2.6795864,0.017118959,0.032370146
120,5.75,1.94,0.274,-0.11,292.72,0.3457,0.08686,0.29140064,0.020922676,0.21795924,2.0837767,1.343633,2.287099,-2.726607,2.6795864,0.017118959,0.032370146
120,5.75,1.94,0.274,-0.11,307.7,0.4118,0.05292,0.33886078,0.018858049,0.21795924,2.0837767,1.343633,2.287099,-2.726607,2.6795864,0.017118959,0.032370146
120,5.75,1.94,0.274,-0.11,322.66,0.4278,0.05068,0.3855324,0.02142914,0.21795924,2.0837767,1.343633,2.287099,-2.726607,2.6795864,0.017118959,0.032370146
120,5.75,1.94,0.274,-0.11,337.6,0.3885,0.05544,0.42398715,0.026305243,0.21795924,2.0837767,1.343633,2.287099,-2.726607,2.6795864,0.017118959,0.032370146
120,5.75,1.94,0.274,-0.11,352.54,0.438,0.05919,0.44603425,0.029801795,0.21795924,2.0837767,1.343633,2.287099,-2.726607,2.6795864,0.017118959,0.032370146
121,5.75,1.94,0.274,-0.15,7.43,0.4069,0.0457,0.46002507,0.019767601,-1.3728402,1.3726107,-0.8660789,2.0639498,-1.4538463,3.175108,0.0030384944,0.014333384
121,5.75,1.94,0.274,-0.15,22.31,0.4165,0.04674,0.42135555,0.016179081,-1.3728402,1.3726107,-0.8660789,2.0639498,-1.4538463,3.175108,0.0030384944,0.014333384
121,5.75,1.94,0.274,-0.15,37.23,0.3557,0.03797,0.35995752,0.0111737605,-1.3728402,1.3726107,-0.8660789,2.0639498,-1.4538463,3.175108,0.0030384944,0.014333384
121,5.75,1.94,0.274,-0.15,52.19,0.3116,0.03124,0.29450262,0.008070342,-1.3728402,1.3726107,-0.8660789,2.0639498,-1.4538463,3.175108,0.0030384944,0.014333384
121,5.75,1.94,0.274,-0.15,67.18,0.223,0.03168,0.23652525,0.008873214,-1.3728402,1.3726107,-0.8660789,2.0639498,-1.4538463,3.175108,0.0030384944,0.014333384
121,5.75,1.94,0.274,-0.15,82.18,0.1756,0.03403,0.18999334,0.011280951,-1.3728402,1.3726107,-0.8660789,2.0639498,-1.4538463,3.175108,0.0030384944,0.014333384
121,5.75,1.94,0.274,-0.15,97.2,0.1691,0.02726,0.15456706,0.013448491,-1.3728402,1.3726107,-0.8660789,2.0639498,-1.4538463,3.175108,0.0030384944,0.014333384
121,5.75,1.94,0.274,-0.15,112.24,0.1368,0.03764,0.12848864,0.015026989,-1.3728402,1.3726107,-0.8660789,2.0639498,-1.4538463,3.175108,0.0030384944,0.014333384
121,5.75,1.94,0.274,-0.15,127.28,0.0,0.0,0.10989173,0.016083574,-1.3728402,1.3726107,-0.8660789,2.0639498,-1.4538463,3.175108,0.0030384944,0.014333384
121,5.75,1.94,0.274,-0.15,142.33,0.0,0.0,0.09720497,0.016750278,-1.3728402,1.3726107,-0.8660789,2.0639498,-1.4538463,3.175108,0.0030384944,0.014333384
121,5.75,1.94,0.274,-0.15,157.4,0.0,0.0,0.08931633,0.017136004,-1.3728402,1.3726107,-0.8660789,2.0639498,-1.4538463,3.175108,0.0030384944,0.014333384
121,5.75,1.94,0.274,-0.15,172.46,0.0,0.0,0.085542314,0.017311426,-1.3728402,1.3726107,-0.8660789,2.0639498,-1.4538463,3.175108,0.0030384944,0.014333384
121,5.75,1.94,0.274,-0.15,187.54,0.0,0.0,0.085542314,0.017311426,-1.3728402,1.3726107,-0.8660789,2.0639498,-1.4538463,3.175108,0.0030384944,0.014333384
121,5.75,1.94,0.274,-0.15,202.6,0.0,0.0,0.08931633,0.017136006,-1.3728402,1.3726107,-0.8660789,2.0639498,-1.4538463,3.175108,0.0030384944,0.014333384
121,5.75,1.94,0.274,-0.15,217.67,0.0,0.0,0.09720496,0.016750278,-1.3728402,1.3726107,-0.8660789,2.0639498,-1.4538463,3.175108,0.0030384944,0.014333384
121,5.75,1.94,0.274,-0.15,232.72,0.0,0.0,0.10989173,0.016083574,-1.3728402,1.3726107,-0.8660789,2.0639498,-1.4538463,3.175108,0.0030384944,0.014333384
121,5.75,1.94,0.274,-0.15,247.76,0.1482,0.0601,0.12848864,0.015026989,-1.3728402,1.3726107,-0.8660789,2.0639498,-1.4538463,3.175108,0.0030384944,0.014333384
121,5.75,1.94,0.274,-0.15,262.8,0.1245,0.0296,0.15456705,0.013448494,-1.3728402,1.3726107,-0.8660789,2.0639498,-1.4538463,3.175108,0.0030384944,0.014333384
121,5.75,1.94,0.274,-0.15,277.82,0.1916,0.02737,0.18999332,0.011280953,-1.3728402,1.3726107,-0.8660789,2.0639498,-1.4538463,3.175108,0.0030384944,0.014333384
121,5.75,1.94,0.274,-0.15,292.82,0.2161,0.03334,0.23652545,0.008873209,-1.3728402,1.3726107,-0.8660789,2.0639498,-1.4538463,3.175108,0.0030384944,0.014333384
121,5.75,1.94,0.274,-0.15,307.81,0.2956,0.03667,0.29450244,0.008070342,-1.3728402,1.3726107,-0.8660789,2.0639498,-1.4538463,3.175108,0.0030384944,0.014333384
121,5.75,1.94,0.274,-0.15,322.77,0.3959,0.0454,0.35995752,0.01117375,-1.3728402,1.3726107,-0.8660789,2.0639498,-1.4538463,3.175108,0.0030384944,0.014333384
121,5.75,1.94,0.274,-0.15,337.69,0.4719,0.04965,0.42135528,0.016179066,-1.3728402,1.3726107,-0.8660789,2.0639498,-1.4538463,3.175108,0.0030384944,0.014333384
121,5.75,1.94,0.274,-0.15,352.57,0.4457,0.06716,0.46002465,0.019767584,-1.3728402,1.3726107,-0.8660789,2.0639498,-1.4538463,3.175108,0.0030384944,0.014333384
122,5.75,1.94,0.274,-0.2,7.39,0.4953,0.04815,0.4913509,0.022587279,-4.15761,4.9182916,-11.413685,17.538141,12.19262,19.26919,0.030403906,0.03986296
122,5.75,1.94,0.274,-0.2,22.22,0.401,0.04101,0.42504272,0.017954707,-4.15761,4.9182916,-11.413685,17.538141,12.19262,19.26919,0.030403906,0.03986296
122,5.75,1.94,0.274,-0.2,37.12,0.3268,0.03793,0.33227336,0.012543988,-4.15761,4.9182916,-11.413685,17.538141,12.19262,19.26919,0.030403906,0.03986296
122,5.75,1.94,0.274,-0.2,52.09,0.2833,0.0331,0.24780725,0.00973963,-4.15761,4.9182916,-11.413685,17.538141,12.19262,19.26919,0.030403906,0.03986296
122,5.75,1.94,0.274,-0.2,67.1,0.1406,0.02278,0.18368557,0.009565049,-4.15761,4.9182916,-11.413685,17.538141,12.19262,19.26919,0.030403906,0.03986296
122,5.75,1.94,0.274,-0.2,82.12,0.1282,0.02619,0.13872495,0.010212531,-4.15761,4.9182916,-11.413685,17.538141,12.19262,19.26919,0.030403906,0.03986296
122,5.75,1.94,0.274,-0.2,97.16,0.1173,0.034,0.10816187,0.0108327195,-4.15761,4.9182916,-11.413685,17.538141,12.19262,19.26919,0.030403906,0.03986296
122,5.75,1.94,0.274,-0.2,112.21,0.0964,0.02511,0.08769122,0.0113259945,-4.15761,4.9182916,-11.413685,17.538141,12.19262,19.26919,0.030403906,0.03986296
122,5.75,1.94,0.274,-0.2,127.26,0.0718,0.02067,0.07416834,0.011739018,-4.15761,4.9182916,-11.413685,17.538141,12.19262,19.26919,0.030403906,0.03986296
122,5.75,1.94,0.274,-0.2,142.32,0.0,0.0,0.06548363,0.012088232,-4.15761,4.9182916,-11.413685,17.538141,12.19262,19.26919,0.030403906,0.03986296
122,5.75,1.94,0.274,-0.2,157.39,0.0689,0.04771,0.06031949,0.01235112,-4.15761,4.9182916,-11.413685,17.538141,12.19262,19.26919,0.030403906,0.03986296
122,5.75,1.94,0.274,-0.2,172.46,0.0,0.0,0.05791311,0.01249373,-4.15761,4.9182916,-11.413685,17.538141,12.19262,19.26919,0.030403906,0.03986296
122,5.75,1.94,0.274,-0.2,187.54,0.0769,0.06749,0.05791311,0.01249373,-4.15761,4.9182916,-11.413685,17.538141,12.19262,19.26919,0.030403906,0.03986296
122,5.75,1.94,0.274,-0.2,202.61,0.0741,0.02988,0.06031949,0.01235112,-4.15761,4.9182916,-11.413685,17.538141,12.19262,19.26919,0.030403906,0.03986296
122,5.75,1.94,0.274,-0.2,217.68,0.0586,0.025,0.065483615,0.0120882355,-4.15761,4.9182916,-11.413685,17.538141,12.19262,19.26919,0.030403906,0.03986296
122,5.75,1.94,0.274,-0.2,232.74,0.0794,0.03241,0.07416834,0.011739018,-4.15761,4.9182916,-11.413685,17.538141,12.19262,19.26919,0.030403906,0.03986296
122,5.75,1.94,0.274,-0.2,247.79,0.0625,0.01401,0.08769122,0.0113259945,-4.15761,4.9182916,-11.413685,17.538141,12.19262,19.26919,0.030403906,0.03986296
122,5.75,1.94,0.274,-0.2,262.84,0.0907,0.02038,0.10816187,0.01083272,-4.15761,4.9182916,-11.413685,17.538141,12.19262,19.26919,0.030403906,0.03986296
122,5.75,1.94,0.274,-0.2,277.88,0.1277,0.02744,0.13872485,0.010212527,-4.15761,4.9182916,-11.413685,17.538141,12.19262,19.26919,0.030403906,0.03986296
122,5.75,1.94,0.274,-0.2,292.9,0.1568,0.02496,0.18368557,0.0095650535,-4.15761,4.9182916,-11.413685,17.538141,12.19262,19.26919,0.030403906,0.03986296
122,5.75,1.94,0.274,-0.2,307.91,0.24,0.03536,0.24780725,0.00973963,-4.15761,4.9182916,-11.413685,17.538141,12.19262,19.26919,0.030403906,0.03986296
122,5.75,1.94,0.274,-0.2,322.88,0.3524,0.03804,0.33227336,0.012543988,-4.15761,4.9182916,-11.413685,17.538141,12.19262,19.26919,0.030403906,0.03986296
122,5.75,1.94,0.274,-0.2,337.78,0.4428,0.04116,0.42504242,0.01795469,-4.15761,4.9182916,-11.413685,17.538141,12.19262,19.26919,0.030403906,0.03986296
122,5.75,1.94,0.274,-0.2,352.61,0.482,0.04575,0.4913509,0.022587279,-4.15761,4.9182916,-11.413685,17.538141,12.19262,19.26919,0.030403906,0.03986296
123,5.75,1.94,0.274,-0.26,7.47,0.45,0.05372,0.47011086,0.022991315,0.38195065,3.5062718,2.5475278,7.0678306,-8.162872,13.434855,-0.0021180674,0.028166668
123,5.75,1.94,0.274,-0.26,22.11,0.3698,0.03543,0.38287023,0.016447118,0.38195065,3.5062718,2.5475278,7.0678306,-8.162872,13.434855,-0.0021180674,0.028166668
123,5.75,1.94,0.274,-0.26,37.0,0.2619,0.02482,0.27781504,0.009811802,0.38195065,3.5062718,2.5475278,7.0678306,-8.162872,13.434855,-0.0021180674,0.028166668
123,5.75,1.94,0.274,-0.26,51.99,0.2121,0.02433,0.19647823,0.0072181327,0.38195065,3.5062718,2.5475278,7.0678306,-8.162872,13.434855,-0.0021180674,0.028166668
123,5.75,1.94,0.274,-0.26,67.02,0.1333,0.0166,0.14194003,0.007554037,0.38195065,3.5062718,2.5475278,7.0678306,-8.162872,13.434855,-0.0021180674,0.028166668
123,5.75,1.94,0.274,-0.26,82.07,0.0994,0.02169,0.10656228,0.008388146,0.38195065,3.5062718,2.5475278,7.0678306,-8.162872,13.434855,-0.0021180674,0.028166668
123,5.75,1.94,0.274,-0.26,97.12,0.0682,0.01287,0.08352158,0.009076361,0.38195065,3.5062718,2.5475278,7.0678306,-8.162872,13.434855,-0.0021180674,0.028166668
123,5.75,1.94,0.274,-0.26,112.19,0.0752,0.02028,0.068308696,0.009624779,0.38195065,3.5062718,2.5475278,7.0678306,-8.162872,13.434855,-0.0021180674,0.028166668
123,5.75,1.94,0.274,-0.26,127.25,0.0733,0.02737,0.058244802,0.010080247,0.38195065,3.5062718,2.5475278,7.0678306,-8.162872,13.434855,-0.0021180674,0.028166668
123,5.75,1.94,0.274,-0.26,142.31,0.0696,0.0575,0.051711507,0.010449881,0.38195065,3.5062718,2.5475278,7.0678306,-8.162872,13.434855,-0.0021180674,0.028166668
123,5.75,1.94,0.274,-0.26,157.39,0.0,0.0,0.047770377,0.010715783,0.38195065,3.5062718,2.5475278,7.0678306,-8.162872,13.434855,-0.0021180674,0.028166668
123,5.75,1.94,0.274,-0.26,172.46,0.0,0.0,0.045915797,0.010855374,0.38195065,3.5062718,2.5475278,7.0678306,-8.162872,13.434855,-0.0021180674,0.028166668
123,5.75,1.94,0.274,-0.26,187.54,0.0,0.0,0.045915797,0.010855373,0.38195065,3.5062718,2.5475278,7.0678306,-8.162872,13.434855,-0.0021180674,0.028166668
123,5.75,1.94,0.274,-0.26,202.61,0.0,0.0,0.04777038,0.010715782,0.38195065,3.5062718,2.5475278,7.0678306,-8.162872,13.434855,-0.0021180674,0.028166668
123,5.75,1.94,0.274,-0.26,217.69,0.0,0.0,0.051711503,0.010449881,0.38195065,3.5062718,2.5475278,7.0678306,-8.162872,13.434855,-0.0021180674,0.028166668
123,5.75,1.94,0.274,-0.26,232.75,0.033,0.01876,0.058244802,0.010080247,0.38195065,3.5062718,2.5475278,7.0678306,-8.162872,13.434855,-0.0021180674,0.028166668
123,5.75,1.94,0.274,-0.26,247.81,0.0399,0.01745,0.068308644,0.009624782,0.38195065,3.5062718,2.5475278,7.0678306,-8.162872,13.434855,-0.0021180674,0.028166668
123,5.75,1.94,0.274,-0.26,262.88,0.0621,0.02183,0.0835216,0.009076361,0.38195065,3.5062718,2.5475278,7.0678306,-8.162872,13.434855,-0.0021180674,0.028166668
123,5.75,1.94,0.274,-0.26,277.93,0.1124,0.01573,0.10656217,0.008388149,0.38195065,3.5062718,2.5475278,7.0678306,-8.162872,13.434855,-0.0021180674,0.028166668
123,5.75,1.94,0.274,-0.26,292.98,0.1663,0.03315,0.14194003,0.007554038,0.38195065,3.5062718,2.5475278,7.0678306,-8.162872,13.434855,-0.0021180674,0.028166668
123,5.75,1.94,0.274,-0.26,308.01,0.2173,0.03418,0.19647814,0.0072181323,0.38195065,3.5062718,2.5475278,7.0678306,-8.162872,13.434855,-0.0021180674,0.028166668
123,5.75,1.94,0.274,-0.26,323.0,0.2853,0.0304,0.27781484,0.009811797,0.38195065,3.5062718,2.5475278,7.0678306,-8.162872,13.434855,-0.0021180674,0.028166668
123,5.75,1.94,0.274,-0.26,337.89,0.4111,0.03584,0.38287023,0.016447118,0.38195065,3.5062718,2.5475278,7.0678306,-8.162872,13.434855,-0.0021180674,0.028166668
123,5.75,1.94,0.274,-0.26,352.53,0.4757,0.0401,0.47011086,0.022991315,0.38195065,3.5062718,2.5475278,7.0678306,-8.162872,13.434855,-0.0021180674,0.028166668
124,5.75,1.94,0.275,-0.34,7.9,0.5178,0.06862,0.52175856,0.029406378,-4.9619403,5.691089,-6.081958,7.73474,18.995333,22.84729,0.040806998,0.03867414
124,5.75,1.94,0.275,-0.34,22.4,0.3707,0.03305,0.36353406,0.01759646,-4.9619403,5.691089,-6.081958,7.73474,18.995333,22.84729,0.040806998,0.03867414
124,5.75,1.94,0.275,-0.34,36.83,0.2025,0.02407,0.22316217,0.00932734,-4.9619403,5.691089,-6.081958,7.73474,18.995333,22.84729,0.040806998,0.03867414
124,5.75,1.94,0.275,-0.34,51.88,0.1272,0.0158,0.13556597,0.0070295003,-4.9619403,5.691089,-6.081958,7.73474,18.995333,22.84729,0.040806998,0.03867414
124,5.75,1.94,0.275,-0.34,66.95,0.0933,0.01139,0.08790341,0.006710956,-4.9619403,5.691089,-6.081958,7.73474,18.995333,22.84729,0.040806998,0.03867414
124,5.75,1.94,0.275,-0.34,82.02,0.061,0.01033,0.061981983,0.0065767616,-4.9619403,5.691089,-6.081958,7.73474,18.995333,22.84729,0.040806998,0.03867414
124,5.75,1.94,0.275,-0.34,97.09,0.0382,0.01544,0.04762493,0.006753052,-4.9619403,5.691089,-6.081958,7.73474,18.995333,22.84729,0.040806998,0.03867414
124,5.75,1.94,0.275,-0.34,112.16,0.0355,0.01168,0.039549004,0.007329667,-4.9619403,5.691089,-6.081958,7.73474,18.995333,22.84729,0.040806998,0.03867414
124,5.75,1.94,0.275,-0.34,127.24,0.0221,0.02084,0.034977764,0.008128815,-4.9619403,5.691089,-6.081958,7.73474,18.995333,22.84729,0.040806998,0.03867414
124,5.75,1.94,0.275,-0.34,142.31,0.0,0.0,0.032423727,0.008915426,-4.9619403,5.691089,-6.081958,7.73474,18.995333,22.84729,0.040806998,0.03867414
124,5.75,1.94,0.275,-0.34,157.39,0.0,0.0,0.031068694,0.009520354,-4.9619403,5.691089,-6.081958,7.73474,18.995333,22.84729,0.040806998,0.03867414
124,5.75,1.94,0.275,-0.34,172.46,0.0,0.0,0.030484797,0.009844516,-4.9619403,5.691089,-6.081958,7.73474,18.995333,22.84729,0.040806998,0.03867414
124,5.75,1.94,0.275,-0.34,187.54,0.0,0.0,0.030484797,0.009844516,-4.9619403,5.691089,-6.081958,7.73474,18.995333,22.84729,0.040806998,0.03867414
124,5.75,1.94,0.275,-0.34,202.61,0.0,0.0,0.031068688,0.009520348,-4.9619403,5.691089,-6.081958,7.73474,18.995333,22.84729,0.040806998,0.03867414
124,5.75,1.94,0.275,-0.34,217.69,0.0,0.0,0.032423727,0.008915428,-4.9619403,5.691089,-6.081958,7.73474,18.995333,22.84729,0.040806998,0.03867414
124,5.75,1.94,0.275,-0.34,232.76,0.0512,0.02723,0.03497776,0.008128815,-4.9619403,5.691089,-6.081958,7.73474,18.995333,22.84729,0.040806998,0.03867414
124,5.75,1.94,0.275,-0.34,247.84,0.0339,0.01388,0.03954899,0.0073296637,-4.9619403,5.691089,-6.081958,7.73474,18.995333,22.84729,0.040806998,0.03867414
124,5.75,1.94,0.275,-0.34,262.91,0.0618,0.01884,0.047624916,0.006753052,-4.9619403,5.691089,-6.081958,7.73474,18.995333,22.84729,0.040806998,0.03867414
124,5.75,1.94,0.275,-0.34,277.98,0.0704,0.01126,0.061981983,0.0065767616,-4.9619403,5.691089,-6.081958,7.73474,18.995333,22.84729,0.040806998,0.03867414
124,5.75,1.94,0.275,-0.34,293.05,0.1013,0.01437,0.087903306,0.0067109494,-4.9619403,5.691089,-6.081958,7.73474,18.995333,22.84729,0.040806998,0.03867414
124,5.75,1.94,0.275,-0.34,308.12,0.1347,0.02566,0.13556595,0.0070295134,-4.9619403,5.691089,-6.081958,7.73474,18.995333,22.84729,0.040806998,0.03867414
124,5.75,1.94,0.275,-0.34,323.17,0.218,0.02677,0.22316232,0.009327348,-4.9619403,5.691089,-6.081958,7.73474,18.995333,22.84729,0.040806998,0.03867414
124,5.75,1.94,0.275,-0.34,337.6,0.3271,0.03699,0.3635337,0.017596448,-4.9619403,5.691089,-6.081958,7.73474,18.995333,22.84729,0.040806998,0.03867414
124,5.75,1.94,0.275,-0.34,352.1,0.5466,0.05146,0.52175856,0.029406378,-4.9619403,5.691089,-6.081958,7.73474,18.995333,22.84729,0.040806998,0.03867414
125,5.75,1.94,0.275,-0.45,9.6,0.0,0.0,0.55980587,0.05219514,1.2310663,2.2197967,3.1682928,5.791528,-7.762417,12.065843,0.0037829746,0.017279381
125,5.75,1.94,0.275,-0.45,23.78,0.2723,0.03657,0.30120337,0.022211768,1.2310663,2.2197967,3.1682928,5.791528,-7.762417,12.065843,0.0037829746,0.017279381
125,5.75,1.94,0.275,-0.45,36.63,0.1771,0.01754,0.17000493,0.008820684,1.2310663,2.2197967,3.1682928,5.791528,-7.762417,12.065843,0.0037829746,0.017279381
125,5.75,1.94,0.275,-0.45,51.76,0.0984,0.01054,0.09703983,0.0049634627,1.2310663,2.2197967,3.1682928,5.791528,-7.762417,12.065843,0.0037829746,0.017279381
125,5.75,1.94,0.275,-0.45,66.87,0.0628,0.01135,0.06249767,0.0050901407,1.2310663,2.2197967,3.1682928,5.791528,-7.762417,12.065843,0.0037829746,0.017279381
125,5.75,1.94,0.275,-0.45,81.97,0.0461,0.01369,0.04446979,0.0051758843,1.2310663,2.2197967,3.1682928,5.791528,-7.762417,12.065843,0.0037829746,0.017279381
125,5.75,1.94,0.275,-0.45,97.06,0.026,0.01026,0.034277413,0.005157508,1.2310663,2.2197967,3.1682928,5.791528,-7.762417,12.065843,0.0037829746,0.017279381
125,5.75,1.94,0.275,-0.45,112.14,0.0346,0.0139,0.028160496,0.0052264193,1.2310663,2.2197967,3.1682928,5.791528,-7.762417,12.065843,0.0037829746,0.017279381
125,5.75,1.94,0.275,-0.45,127.22,0.0,0.0,0.024351748,0.005407968,1.2310663,2.2197967,3.1682928,5.791528,-7.762417,12.065843,0.0037829746,0.017279381
125,5.75,1.94,0.275,-0.45,142.31,0.0,0.0,0.021972178,0.005636935,1.2310663,2.2197967,3.1682928,5.791528,-7.762417,12.065843,0.0037829746,0.017279381
125,5.75,1.94,0.275,-0.45,157.37,0.0,0.0,0.020573502,0.0058354726,1.2310663,2.2197967,3.1682928,5.791528,-7.762417,12.065843,0.0037829746,0.017279381
125,5.75,1.94,0.275,-0.45,172.45,0.0,0.0,0.019921133,0.0059486646,1.2310663,2.2197967,3.1682928,5.791528,-7.762417,12.065843,0.0037829746,0.017279381
125,5.75,1.94,0.275,-0.45,187.55,0.0,0.0,0.019921133,0.0059486646,1.2310663,2.2197967,3.1682928,5.791528,-7.762417,12.065843,0.0037829746,0.017279381
125,5.75,1.94,0.275,-0.45,202.63,0.0,0.0,0.020573499,0.0058354726,1.2310663,2.2197967,3.1682928,5.791528,-7.762417,12.065843,0.0037829746,0.017279381
125,5.75,1.94,0.275,-0.45,217.69,0.0,0.0,0.02197217,0.0056369365,1.2310663,2.2197967,3.1682928,5.791528,-7.762417,12.065843,0.0037829746,0.017279381
125,5.75,1.94,0.275,-0.45,232.78,0.0,0.0,0.024351748,0.005407968,1.2310663,2.2197967,3.1682928,5.791528,-7.762417,12.065843,0.0037829746,0.017279381
125,5.75,1.94,0.275,-0.45,247.86,0.0156,0.01113,0.02816049,0.0052264193,1.2310663,2.2197967,3.1682928,5.791528,-7.762417,12.065843,0.0037829746,0.017279381
125,5.75,1.94,0.275,-0.45,262.94,0.0339,0.0073,0.03427741,0.005157508,1.2310663,2.2197967,3.1682928,5.791528,-7.762417,12.065843,0.0037829746,0.017279381
125,5.75,1.94,0.275,-0.45,278.03,0.0393,0.00742,0.04446979,0.0051758843,1.2310663,2.2197967,3.1682928,5.791528,-7.762417,12.065843,0.0037829746,0.017279381
125,5.75,1.94,0.275,-0.45,293.13,0.0706,0.00929,0.06249768,0.0050901426,1.2310663,2.2197967,3.1682928,5.791528,-7.762417,12.065843,0.0037829746,0.017279381
125,5.75,1.94,0.275,-0.45,308.24,0.0993,0.01177,0.097039804,0.004963464,1.2310663,2.2197967,3.1682928,5.791528,-7.762417,12.065843,0.0037829746,0.017279381
125,5.75,1.94,0.275,-0.45,323.37,0.1604,0.02181,0.17000493,0.008820684,1.2310663,2.2197967,3.1682928,5.791528,-7.762417,12.065843,0.0037829746,0.017279381
125,5.75,1.94,0.275,-0.45,336.22,0.3264,0.02643,0.30120334,0.022211753,1.2310663,2.2197967,3.1682928,5.791528,-7.762417,12.065843,0.0037829746,0.017279381
125,5.75,1.94,0.275,-0.45,350.4,0.0,0.0,0.55980587,0.05219514,1.2310663,2.2197967,3.1682928,5.791528,-7.762417,12.065843,0.0037829746,0.017279381
